Map,EncounterRate,% chance (ref),Time,Pokemon,Level
AWAKENING_BEACH,10,30%,Morn,YANMA,3
AWAKENING_BEACH,10,30%,Morn,PIKIPEK,3
AWAKENING_BEACH,10,20%,Morn,BOUNSWEET,2
AWAKENING_BEACH,10,10%,Morn,TYMPOLE,3
AWAKENING_BEACH,10,4%,Morn,TYMPOLE,4
AWAKENING_BEACH,10,3%,Morn,EXEGGCUTE,3
AWAKENING_BEACH,10,2%,Morn,EXEGGCUTE,2
AWAKENING_BEACH,10,1%,Morn,SANDYGAST,5
AWAKENING_BEACH,10,30%,Day,PIKIPEK,3
AWAKENING_BEACH,10,30%,Day,BOUNSWEET,3
AWAKENING_BEACH,10,20%,Day,DEWPIDER,2
AWAKENING_BEACH,10,10%,Day,TYMPOLE,3
AWAKENING_BEACH,10,4%,Day,EXEGGCUTE,4
AWAKENING_BEACH,10,3%,Day,BLIPBUG,3
AWAKENING_BEACH,10,2%,Day,YANMA,2
AWAKENING_BEACH,10,1%,Day,SANDYGAST,5
AWAKENING_BEACH,10,30%,Nite,ORICORIO_SENSU,3
AWAKENING_BEACH,10,30%,Nite,BLIPBUG,3
AWAKENING_BEACH,10,20%,Nite,ZIGZAGOON,2
AWAKENING_BEACH,10,10%,Nite,TYMPOLE,3
AWAKENING_BEACH,10,4%,Nite,DEWPIDER,4
AWAKENING_BEACH,10,3%,Nite,EXEGGCUTE,3
AWAKENING_BEACH,10,2%,Nite,EXEGGCUTE,2
AWAKENING_BEACH,10,1%,Nite,SANDYGAST,5
ROUTE_A,10,30%,Morn,GRUBBIN,2
ROUTE_A,10,30%,Morn,ROOKIDEE,3
ROUTE_A,10,20%,Morn,LILLIPUP,4
ROUTE_A,10,10%,Morn,BOUNSWEET,2
ROUTE_A,10,4%,Morn,PIKIPEK,2
ROUTE_A,10,3%,Morn,YUNGOOS,3
ROUTE_A,10,2%,Morn,FARFETCHD,4
ROUTE_A,10,1%,Morn,FARFETCHD,4
ROUTE_A,10,30%,Day,ROOKIDEE,2
ROUTE_A,10,30%,Day,YUNGOOS,3
ROUTE_A,10,20%,Day,BLIPBUG,4
ROUTE_A,10,10%,Day,GRUBBIN,2
ROUTE_A,10,4%,Day,BOUNSWEET,2
ROUTE_A,10,3%,Day,FARFETCHD,3
ROUTE_A,10,2%,Day,LILLIPUP,4
ROUTE_A,10,1%,Day,ZIGZAGOON,4
ROUTE_A,10,30%,Nite,GRUBBIN,2
ROUTE_A,10,30%,Nite,ZIGZAGOON,3
ROUTE_A,10,20%,Nite,ORICORIO_SENSU,4
ROUTE_A,10,10%,Nite,PURRLOIN,2
ROUTE_A,10,4%,Nite,BLIPBUG,2
ROUTE_A,10,3%,Nite,FARFETCHD,3
ROUTE_A,10,2%,Nite,BLIPBUG,4
ROUTE_A,10,1%,Nite,BLIPBUG,4
GEAR_CITY,15,30%,Morn,TYKER,5
GEAR_CITY,15,30%,Morn,YUNGOOS,7
GEAR_CITY,15,20%,Morn,TRUBBISH,7
GEAR_CITY,15,10%,Morn,ROOKIDEE,6
GEAR_CITY,15,4%,Morn,LILLIPUP,8
GEAR_CITY,15,3%,Morn,LILLIPUP,6
GEAR_CITY,15,2%,Morn,ROCKRUFF,7
GEAR_CITY,15,1%,Morn,GRIMER,8
GEAR_CITY,15,30%,Day,ROOKIDEE,5
GEAR_CITY,15,30%,Day,YUNGOOS,7
GEAR_CITY,15,20%,Day,TYKER,7
GEAR_CITY,15,10%,Day,TRUBBISH,6
GEAR_CITY,15,4%,Day,LILLIPUP,8
GEAR_CITY,15,3%,Day,LILLIPUP,6
GEAR_CITY,15,2%,Day,ROCKRUFF,7
GEAR_CITY,15,1%,Day,GRIMER,8
GEAR_CITY,15,30%,Nite,ORICORIO_SENSU,5
GEAR_CITY,15,30%,Nite,BLIPBUG,7
GEAR_CITY,15,20%,Nite,TRUBBISH,7
GEAR_CITY,15,10%,Nite,ROCKRUFF,6
GEAR_CITY,15,4%,Nite,ZIGZAGOON,8
GEAR_CITY,15,3%,Nite,TYKER,6
GEAR_CITY,15,2%,Nite,LILLIPUP,7
GEAR_CITY,15,1%,Nite,GRIMER,8
CITY_GEAR_HQ_BASEMENT,2,30%,Morn,GASTLY,7
CITY_GEAR_HQ_BASEMENT,2,30%,Morn,GASTLY,6
CITY_GEAR_HQ_BASEMENT,2,20%,Morn,MISDREAVUS,5
CITY_GEAR_HQ_BASEMENT,2,10%,Morn,GASTLY,7
CITY_GEAR_HQ_BASEMENT,2,4%,Morn,GASTLY,6
CITY_GEAR_HQ_BASEMENT,2,3%,Morn,GASTLY,5
CITY_GEAR_HQ_BASEMENT,2,2%,Morn,DREEPY,7
CITY_GEAR_HQ_BASEMENT,2,1%,Morn,DREEPY,7
CITY_GEAR_HQ_BASEMENT,2,30%,Day,GASTLY,7
CITY_GEAR_HQ_BASEMENT,2,30%,Day,GASTLY,6
CITY_GEAR_HQ_BASEMENT,2,20%,Day,MISDREAVUS,5
CITY_GEAR_HQ_BASEMENT,2,10%,Day,GASTLY,7
CITY_GEAR_HQ_BASEMENT,2,4%,Day,GASTLY,6
CITY_GEAR_HQ_BASEMENT,2,3%,Day,GASTLY,5
CITY_GEAR_HQ_BASEMENT,2,2%,Day,DREEPY,7
CITY_GEAR_HQ_BASEMENT,2,1%,Day,DREEPY,7
CITY_GEAR_HQ_BASEMENT,2,30%,Nite,GASTLY,7
CITY_GEAR_HQ_BASEMENT,2,30%,Nite,GASTLY,6
CITY_GEAR_HQ_BASEMENT,2,20%,Nite,MISDREAVUS,5
CITY_GEAR_HQ_BASEMENT,2,10%,Nite,GASTLY,7
CITY_GEAR_HQ_BASEMENT,2,4%,Nite,GASTLY,6
CITY_GEAR_HQ_BASEMENT,2,3%,Nite,GASTLY,5
CITY_GEAR_HQ_BASEMENT,2,2%,Nite,DREEPY,7
CITY_GEAR_HQ_BASEMENT,2,1%,Nite,DREEPY,7
NORTHERN_FOREST,3,30%,Morn,DEERLING,5
NORTHERN_FOREST,3,30%,Morn,SHROOMISH,6
NORTHERN_FOREST,3,20%,Morn,LOTAD,7
NORTHERN_FOREST,3,10%,Morn,PIKIPEK,8
NORTHERN_FOREST,3,4%,Morn,MORELULL,6
NORTHERN_FOREST,3,3%,Morn,FARFETCHD,7
NORTHERN_FOREST,3,2%,Morn,FARFETCHD,7
NORTHERN_FOREST,3,1%,Morn,PONYTA,7
NORTHERN_FOREST,3,30%,Day,LOTAD,5
NORTHERN_FOREST,3,30%,Day,SHROOMISH,6
NORTHERN_FOREST,3,20%,Day,STANTLER,7
NORTHERN_FOREST,3,10%,Day,DEERLING,8
NORTHERN_FOREST,3,4%,Day,PIKIPEK,6
NORTHERN_FOREST,3,3%,Day,FARFETCHD,7
NORTHERN_FOREST,3,2%,Day,FARFETCHD,7
NORTHERN_FOREST,3,1%,Day,PONYTA,7
NORTHERN_FOREST,3,30%,Nite,SHROOMISH,5
NORTHERN_FOREST,3,30%,Nite,MORELULL,6
NORTHERN_FOREST,3,20%,Nite,STANTLER,7
NORTHERN_FOREST,3,10%,Nite,ZIGZAGOON,8
NORTHERN_FOREST,3,4%,Nite,BLIPBUG,6
NORTHERN_FOREST,3,3%,Nite,BLIPBUG,7
NORTHERN_FOREST,3,2%,Nite,DEERLING,7
NORTHERN_FOREST,3,1%,Nite,PONYTA,7
ROUTE_B,10,30%,Morn,ARON,7
ROUTE_B,10,30%,Morn,ROOKIDEE,8
ROUTE_B,10,20%,Morn,WOOLOO,7
ROUTE_B,10,10%,Morn,MUDBRAY,8
ROUTE_B,10,4%,Morn,STUNKY,6
ROUTE_B,10,3%,Morn,YUNGOOS,5
ROUTE_B,10,2%,Morn,YUNGOOS,8
ROUTE_B,10,1%,Morn,DWEBBLE,9
ROUTE_B,10,30%,Day,ARON,7
ROUTE_B,10,30%,Day,ROOKIDEE,8
ROUTE_B,10,20%,Day,WOOLOO,7
ROUTE_B,10,10%,Day,MUDBRAY,8
ROUTE_B,10,4%,Day,STUNKY,6
ROUTE_B,10,3%,Day,YUNGOOS,5
ROUTE_B,10,2%,Day,YUNGOOS,8
ROUTE_B,10,1%,Day,DWEBBLE,9
ROUTE_B,10,30%,Nite,ARON,7
ROUTE_B,10,30%,Nite,ROOKIDEE,8
ROUTE_B,10,20%,Nite,WOOLOO,7
ROUTE_B,10,10%,Nite,MUDBRAY,8
ROUTE_B,10,4%,Nite,STUNKY,6
ROUTE_B,10,3%,Nite,YUNGOOS,5
ROUTE_B,10,2%,Nite,YUNGOOS,8
ROUTE_B,10,1%,Nite,DWEBBLE,9
CEMETARY,10,30%,Morn,MUNNA,7
CEMETARY,10,30%,Morn,GRIMER,8
CEMETARY,10,20%,Morn,PURRLOIN,7
CEMETARY,10,10%,Morn,LITWICK,8
CEMETARY,10,4%,Morn,MISDREAVUS,6
CEMETARY,10,3%,Morn,ORICORIO_SENSU,5
CEMETARY,10,2%,Morn,SPIRRIP,8
CEMETARY,10,1%,Morn,SPIRRIP,9
CEMETARY,10,30%,Day,MUNNA,7
CEMETARY,10,30%,Day,GRIMER,8
CEMETARY,10,20%,Day,PURRLOIN,7
CEMETARY,10,10%,Day,LITWICK,8
CEMETARY,10,4%,Day,MISDREAVUS,6
CEMETARY,10,3%,Day,ORICORIO_SENSU,5
CEMETARY,10,2%,Day,SPIRRIP,8
CEMETARY,10,1%,Day,SPIRRIP,9
CEMETARY,10,30%,Nite,MUNNA,7
CEMETARY,10,30%,Nite,GRIMER,8
CEMETARY,10,20%,Nite,PURRLOIN,7
CEMETARY,10,10%,Nite,LITWICK,8
CEMETARY,10,4%,Nite,MISDREAVUS,6
CEMETARY,10,3%,Nite,ORICORIO_SENSU,5
CEMETARY,10,2%,Nite,SPIRRIP,8
CEMETARY,10,1%,Nite,SPIRRIP,9
ROUTE_B_NORTH,10,30%,Morn,SHELLOS,7
ROUTE_B_NORTH,10,30%,Morn,BUIZEL,8
ROUTE_B_NORTH,10,20%,Morn,EXEGGCUTE,7
ROUTE_B_NORTH,10,10%,Morn,YANMA,8
ROUTE_B_NORTH,10,4%,Morn,CLAUNCHER,6
ROUTE_B_NORTH,10,3%,Morn,CLAUNCHER,5
ROUTE_B_NORTH,10,2%,Morn,SANDYGAST,8
ROUTE_B_NORTH,10,1%,Morn,CLAUNCHER,9
ROUTE_B_NORTH,10,30%,Day,SHELLOS,7
ROUTE_B_NORTH,10,30%,Day,BUIZEL,8
ROUTE_B_NORTH,10,20%,Day,EXEGGCUTE,7
ROUTE_B_NORTH,10,10%,Day,YANMA,8
ROUTE_B_NORTH,10,4%,Day,CLAUNCHER,6
ROUTE_B_NORTH,10,3%,Day,CLAUNCHER,5
ROUTE_B_NORTH,10,2%,Day,SANDYGAST,8
ROUTE_B_NORTH,10,1%,Day,CLAUNCHER,9
ROUTE_B_NORTH,10,30%,Nite,SHELLOS,7
ROUTE_B_NORTH,10,30%,Nite,BUIZEL,8
ROUTE_B_NORTH,10,20%,Nite,EXEGGCUTE,7
ROUTE_B_NORTH,10,10%,Nite,YANMA,8
ROUTE_B_NORTH,10,4%,Nite,CLAUNCHER,6
ROUTE_B_NORTH,10,3%,Nite,CLAUNCHER,5
ROUTE_B_NORTH,10,2%,Nite,SANDYGAST,8
ROUTE_B_NORTH,10,1%,Nite,CLAUNCHER,9
METROID_INTRO,2,30%,Morn,UNOWN,7
METROID_INTRO,2,30%,Morn,UNOWN,7
METROID_INTRO,2,20%,Morn,UNOWN,6
METROID_INTRO,2,10%,Morn,UNOWN,5
METROID_INTRO,2,4%,Morn,UNOWN,6
METROID_INTRO,2,3%,Morn,UNOWN,7
METROID_INTRO,2,2%,Morn,UNOWN,8
METROID_INTRO,2,1%,Morn,PORYGON,9
METROID_INTRO,2,30%,Day,UNOWN,7
METROID_INTRO,2,30%,Day,UNOWN,7
METROID_INTRO,2,20%,Day,UNOWN,6
METROID_INTRO,2,10%,Day,UNOWN,5
METROID_INTRO,2,4%,Day,UNOWN,6
METROID_INTRO,2,3%,Day,UNOWN,7
METROID_INTRO,2,2%,Day,UNOWN,8
METROID_INTRO,2,1%,Day,PORYGON,9
METROID_INTRO,2,30%,Nite,UNOWN,7
METROID_INTRO,2,30%,Nite,UNOWN,7
METROID_INTRO,2,20%,Nite,UNOWN,6
METROID_INTRO,2,10%,Nite,UNOWN,5
METROID_INTRO,2,4%,Nite,UNOWN,6
METROID_INTRO,2,3%,Nite,UNOWN,7
METROID_INTRO,2,2%,Nite,UNOWN,8
METROID_INTRO,2,1%,Nite,PORYGON,9
METROID_HALLWAY,2,30%,Morn,UNOWN,7
METROID_HALLWAY,2,30%,Morn,UNOWN,7
METROID_HALLWAY,2,20%,Morn,UNOWN,6
METROID_HALLWAY,2,10%,Morn,UNOWN,5
METROID_HALLWAY,2,4%,Morn,UNOWN,6
METROID_HALLWAY,2,3%,Morn,UNOWN,7
METROID_HALLWAY,2,2%,Morn,UNOWN,8
METROID_HALLWAY,2,1%,Morn,PORYGON,9
METROID_HALLWAY,2,30%,Day,UNOWN,7
METROID_HALLWAY,2,30%,Day,UNOWN,7
METROID_HALLWAY,2,20%,Day,UNOWN,6
METROID_HALLWAY,2,10%,Day,UNOWN,5
METROID_HALLWAY,2,4%,Day,UNOWN,6
METROID_HALLWAY,2,3%,Day,UNOWN,7
METROID_HALLWAY,2,2%,Day,UNOWN,8
METROID_HALLWAY,2,1%,Day,PORYGON,9
METROID_HALLWAY,2,30%,Nite,UNOWN,7
METROID_HALLWAY,2,30%,Nite,UNOWN,7
METROID_HALLWAY,2,20%,Nite,UNOWN,6
METROID_HALLWAY,2,10%,Nite,UNOWN,5
METROID_HALLWAY,2,4%,Nite,UNOWN,6
METROID_HALLWAY,2,3%,Nite,UNOWN,7
METROID_HALLWAY,2,2%,Nite,UNOWN,8
METROID_HALLWAY,2,1%,Nite,PORYGON,9
METROID_VERTICAL_HALLWAY,2,30%,Morn,UNOWN,7
METROID_VERTICAL_HALLWAY,2,30%,Morn,UNOWN,7
METROID_VERTICAL_HALLWAY,2,20%,Morn,UNOWN,6
METROID_VERTICAL_HALLWAY,2,10%,Morn,UNOWN,5
METROID_VERTICAL_HALLWAY,2,4%,Morn,UNOWN,6
METROID_VERTICAL_HALLWAY,2,3%,Morn,UNOWN,7
METROID_VERTICAL_HALLWAY,2,2%,Morn,UNOWN,8
METROID_VERTICAL_HALLWAY,2,1%,Morn,PORYGON,9
METROID_VERTICAL_HALLWAY,2,30%,Day,UNOWN,7
METROID_VERTICAL_HALLWAY,2,30%,Day,UNOWN,7
METROID_VERTICAL_HALLWAY,2,20%,Day,UNOWN,6
METROID_VERTICAL_HALLWAY,2,10%,Day,UNOWN,5
METROID_VERTICAL_HALLWAY,2,4%,Day,UNOWN,6
METROID_VERTICAL_HALLWAY,2,3%,Day,UNOWN,7
METROID_VERTICAL_HALLWAY,2,2%,Day,UNOWN,8
METROID_VERTICAL_HALLWAY,2,1%,Day,PORYGON,9
METROID_VERTICAL_HALLWAY,2,30%,Nite,UNOWN,7
METROID_VERTICAL_HALLWAY,2,30%,Nite,UNOWN,7
METROID_VERTICAL_HALLWAY,2,20%,Nite,UNOWN,6
METROID_VERTICAL_HALLWAY,2,10%,Nite,UNOWN,5
METROID_VERTICAL_HALLWAY,2,4%,Nite,UNOWN,6
METROID_VERTICAL_HALLWAY,2,3%,Nite,UNOWN,7
METROID_VERTICAL_HALLWAY,2,2%,Nite,UNOWN,8
METROID_VERTICAL_HALLWAY,2,1%,Nite,PORYGON,9
UNIVERCITY,15,30%,Morn,ORICORIO_BAILE,10
UNIVERCITY,15,30%,Morn,YAMPER,10
UNIVERCITY,15,20%,Morn,GROWLITHE,9
UNIVERCITY,15,10%,Morn,YANMA,9
UNIVERCITY,15,4%,Morn,SHROOMISH,9
UNIVERCITY,15,3%,Morn,STUNKY,9
UNIVERCITY,15,2%,Morn,MEOWTH,12
UNIVERCITY,15,1%,Morn,CORVISQUIRE,12
UNIVERCITY,15,30%,Day,ORICORIO_BAILE,10
UNIVERCITY,15,30%,Day,YAMPER,10
UNIVERCITY,15,20%,Day,GROWLITHE,9
UNIVERCITY,15,10%,Day,YANMA,9
UNIVERCITY,15,4%,Day,SHROOMISH,9
UNIVERCITY,15,3%,Day,STUNKY,9
UNIVERCITY,15,2%,Day,MEOWTH,12
UNIVERCITY,15,1%,Day,CORVISQUIRE,12
UNIVERCITY,15,30%,Nite,ORICORIO_BAILE,10
UNIVERCITY,15,30%,Nite,YAMPER,10
UNIVERCITY,15,20%,Nite,GROWLITHE,9
UNIVERCITY,15,10%,Nite,YANMA,9
UNIVERCITY,15,4%,Nite,SHROOMISH,9
UNIVERCITY,15,3%,Nite,STUNKY,9
UNIVERCITY,15,2%,Nite,MEOWTH,12
UNIVERCITY,15,1%,Nite,CORVISQUIRE,12
ROUTE_C,10,30%,Morn,WOOLOO,10
ROUTE_C,10,30%,Morn,EMOLGA,10
ROUTE_C,10,20%,Morn,STUNKY,9
ROUTE_C,10,10%,Morn,BLITZLE,9
ROUTE_C,10,4%,Morn,YANMA,9
ROUTE_C,10,3%,Morn,CHERUBI,9
ROUTE_C,10,2%,Morn,HOPPIP,12
ROUTE_C,10,1%,Morn,BOUFFALANT,12
ROUTE_C,10,30%,Day,WOOLOO,10
ROUTE_C,10,30%,Day,EMOLGA,10
ROUTE_C,10,20%,Day,STUNKY,9
ROUTE_C,10,10%,Day,BLITZLE,9
ROUTE_C,10,4%,Day,YANMA,9
ROUTE_C,10,3%,Day,CHERUBI,9
ROUTE_C,10,2%,Day,HOPPIP,12
ROUTE_C,10,1%,Day,BOUFFALANT,12
ROUTE_C,10,30%,Nite,WOOLOO,10
ROUTE_C,10,30%,Nite,EMOLGA,10
ROUTE_C,10,20%,Nite,STUNKY,9
ROUTE_C,10,10%,Nite,BLITZLE,9
ROUTE_C,10,4%,Nite,YANMA,9
ROUTE_C,10,3%,Nite,CHERUBI,9
ROUTE_C,10,2%,Nite,HOPPIP,12
ROUTE_C,10,1%,Nite,BOUFFALANT,12
ROUTE_D,10,30%,Morn,ORICORIO_BAILE,10
ROUTE_D,10,30%,Morn,SKITTY,10
ROUTE_D,10,20%,Morn,WOOLOO,9
ROUTE_D,10,10%,Morn,GRIMER,9
ROUTE_D,10,4%,Morn,SCYTHER,9
ROUTE_D,10,3%,Morn,EMOLGA,9
ROUTE_D,10,2%,Morn,TRUMBEAK,12
ROUTE_D,10,1%,Morn,BOUFFALANT,12
ROUTE_D,10,30%,Day,ORICORIO_BAILE,10
ROUTE_D,10,30%,Day,SKITTY,10
ROUTE_D,10,20%,Day,WOOLOO,9
ROUTE_D,10,10%,Day,GRIMER,9
ROUTE_D,10,4%,Day,SCYTHER,9
ROUTE_D,10,3%,Day,EMOLGA,9
ROUTE_D,10,2%,Day,TRUMBEAK,12
ROUTE_D,10,1%,Day,BOUFFALANT,12
ROUTE_D,10,30%,Nite,ORICORIO_BAILE,10
ROUTE_D,10,30%,Nite,SKITTY,10
ROUTE_D,10,20%,Nite,WOOLOO,9
ROUTE_D,10,10%,Nite,GRIMER,9
ROUTE_D,10,4%,Nite,SCYTHER,9
ROUTE_D,10,3%,Nite,EMOLGA,9
ROUTE_D,10,2%,Nite,TRUMBEAK,12
ROUTE_D,10,1%,Nite,BOUFFALANT,12
EEVEE_RANCH_EXTERIOR,10,30%,Morn,EEVEE,10
EEVEE_RANCH_EXTERIOR,10,30%,Morn,EEVEE,10
EEVEE_RANCH_EXTERIOR,10,20%,Morn,ESPEON,9
EEVEE_RANCH_EXTERIOR,10,10%,Morn,UMBREON,9
EEVEE_RANCH_EXTERIOR,10,4%,Morn,EEVEE,9
EEVEE_RANCH_EXTERIOR,10,3%,Morn,GLACEON,9
EEVEE_RANCH_EXTERIOR,10,2%,Morn,LEAFEON,12
EEVEE_RANCH_EXTERIOR,10,1%,Morn,SYLVEON,12
EEVEE_RANCH_EXTERIOR,10,30%,Day,EEVEE,10
EEVEE_RANCH_EXTERIOR,10,30%,Day,EEVEE,10
EEVEE_RANCH_EXTERIOR,10,20%,Day,ESPEON,9
EEVEE_RANCH_EXTERIOR,10,10%,Day,UMBREON,9
EEVEE_RANCH_EXTERIOR,10,4%,Day,EEVEE,9
EEVEE_RANCH_EXTERIOR,10,3%,Day,GLACEON,9
EEVEE_RANCH_EXTERIOR,10,2%,Day,LEAFEON,12
EEVEE_RANCH_EXTERIOR,10,1%,Day,SYLVEON,12
EEVEE_RANCH_EXTERIOR,10,30%,Nite,EEVEE,10
EEVEE_RANCH_EXTERIOR,10,30%,Nite,EEVEE,10
EEVEE_RANCH_EXTERIOR,10,20%,Nite,ESPEON,9
EEVEE_RANCH_EXTERIOR,10,10%,Nite,UMBREON,9
EEVEE_RANCH_EXTERIOR,10,4%,Nite,EEVEE,9
EEVEE_RANCH_EXTERIOR,10,3%,Nite,GLACEON,9
EEVEE_RANCH_EXTERIOR,10,2%,Nite,LEAFEON,12
EEVEE_RANCH_EXTERIOR,10,1%,Nite,SYLVEON,12
EEVEE_RANCH_HIVES,3,30%,Morn,COMBEE,10
EEVEE_RANCH_HIVES,3,30%,Morn,COMBEE,10
EEVEE_RANCH_HIVES,3,20%,Morn,COMBEE,9
EEVEE_RANCH_HIVES,3,10%,Morn,COMBEE,9
EEVEE_RANCH_HIVES,3,4%,Morn,PONYTA,9
EEVEE_RANCH_HIVES,3,3%,Morn,DEERLING,9
EEVEE_RANCH_HIVES,3,2%,Morn,VESPIQUEN,12
EEVEE_RANCH_HIVES,3,1%,Morn,BUZZEON,12
EEVEE_RANCH_HIVES,3,30%,Day,COMBEE,10
EEVEE_RANCH_HIVES,3,30%,Day,COMBEE,10
EEVEE_RANCH_HIVES,3,20%,Day,COMBEE,9
EEVEE_RANCH_HIVES,3,10%,Day,COMBEE,9
EEVEE_RANCH_HIVES,3,4%,Day,PONYTA,9
EEVEE_RANCH_HIVES,3,3%,Day,DEERLING,9
EEVEE_RANCH_HIVES,3,2%,Day,VESPIQUEN,12
EEVEE_RANCH_HIVES,3,1%,Day,BUZZEON,12
EEVEE_RANCH_HIVES,3,30%,Nite,COMBEE,10
EEVEE_RANCH_HIVES,3,30%,Nite,COMBEE,10
EEVEE_RANCH_HIVES,3,20%,Nite,COMBEE,9
EEVEE_RANCH_HIVES,3,10%,Nite,COMBEE,9
EEVEE_RANCH_HIVES,3,4%,Nite,PONYTA,9
EEVEE_RANCH_HIVES,3,3%,Nite,DEERLING,9
EEVEE_RANCH_HIVES,3,2%,Nite,VESPIQUEN,12
EEVEE_RANCH_HIVES,3,1%,Nite,BUZZEON,12
ROUTE_F,10,30%,Morn,ROCKRUFF,10
ROUTE_F,10,30%,Morn,DRILBUR,10
ROUTE_F,10,20%,Morn,ARON,9
ROUTE_F,10,10%,Morn,DWEBBLE,9
ROUTE_F,10,4%,Morn,YUNGOOS,9
ROUTE_F,10,3%,Morn,ZIGZAGOON,9
ROUTE_F,10,2%,Morn,SHROOMISH,12
ROUTE_F,10,1%,Morn,LARVITAR,12
ROUTE_F,10,30%,Day,ROCKRUFF,10
ROUTE_F,10,30%,Day,DRILBUR,10
ROUTE_F,10,20%,Day,ARON,9
ROUTE_F,10,10%,Day,DWEBBLE,9
ROUTE_F,10,4%,Day,YUNGOOS,9
ROUTE_F,10,3%,Day,ZIGZAGOON,9
ROUTE_F,10,2%,Day,SHROOMISH,12
ROUTE_F,10,1%,Day,LARVITAR,12
ROUTE_F,10,30%,Nite,ROCKRUFF,10
ROUTE_F,10,30%,Nite,DRILBUR,10
ROUTE_F,10,20%,Nite,ARON,9
ROUTE_F,10,10%,Nite,DWEBBLE,9
ROUTE_F,10,4%,Nite,YUNGOOS,9
ROUTE_F,10,3%,Nite,ZIGZAGOON,9
ROUTE_F,10,2%,Nite,SHROOMISH,12
ROUTE_F,10,1%,Nite,LARVITAR,12
ROUTE_F_CAVE,2,30%,Morn,KOFFING,10
ROUTE_F_CAVE,2,30%,Morn,MAKUHITA,10
ROUTE_F_CAVE,2,20%,Morn,STUFFUL,9
ROUTE_F_CAVE,2,10%,Morn,SKARMORY,9
ROUTE_F_CAVE,2,4%,Morn,CLOBBOPUS,9
ROUTE_F_CAVE,2,3%,Morn,MAKUHITA,9
ROUTE_F_CAVE,2,2%,Morn,SKARMORY,12
ROUTE_F_CAVE,2,1%,Morn,AMAURA,12
ROUTE_F_CAVE,2,30%,Day,KOFFING,10
ROUTE_F_CAVE,2,30%,Day,MAKUHITA,10
ROUTE_F_CAVE,2,20%,Day,STUFFUL,9
ROUTE_F_CAVE,2,10%,Day,SKARMORY,9
ROUTE_F_CAVE,2,4%,Day,CLOBBOPUS,9
ROUTE_F_CAVE,2,3%,Day,MAKUHITA,9
ROUTE_F_CAVE,2,2%,Day,SKARMORY,12
ROUTE_F_CAVE,2,1%,Day,AMAURA,12
ROUTE_F_CAVE,2,30%,Nite,KOFFING,10
ROUTE_F_CAVE,2,30%,Nite,MAKUHITA,10
ROUTE_F_CAVE,2,20%,Nite,STUFFUL,9
ROUTE_F_CAVE,2,10%,Nite,SKARMORY,9
ROUTE_F_CAVE,2,4%,Nite,CLOBBOPUS,9
ROUTE_F_CAVE,2,3%,Nite,MAKUHITA,9
ROUTE_F_CAVE,2,2%,Nite,SKARMORY,12
ROUTE_F_CAVE,2,1%,Nite,AMAURA,12
MUSCLE_JUNGLE,10,30%,Morn,CHATOT,15
MUSCLE_JUNGLE,10,30%,Morn,STUFFUL,15
MUSCLE_JUNGLE,10,20%,Morn,HERACROSS,16
MUSCLE_JUNGLE,10,10%,Morn,CROAGUNK,16
MUSCLE_JUNGLE,10,4%,Morn,EXEGGCUTE,16
MUSCLE_JUNGLE,10,3%,Morn,ORANGURU,16
MUSCLE_JUNGLE,10,2%,Morn,AMAURA,18
MUSCLE_JUNGLE,10,1%,Morn,BURGELA,17
MUSCLE_JUNGLE,10,30%,Day,CHATOT,15
MUSCLE_JUNGLE,10,30%,Day,STUFFUL,15
MUSCLE_JUNGLE,10,20%,Day,HERACROSS,16
MUSCLE_JUNGLE,10,10%,Day,CROAGUNK,16
MUSCLE_JUNGLE,10,4%,Day,EXEGGCUTE,16
MUSCLE_JUNGLE,10,3%,Day,ORANGURU,16
MUSCLE_JUNGLE,10,2%,Day,AMAURA,18
MUSCLE_JUNGLE,10,1%,Day,BURGELA,17
MUSCLE_JUNGLE,10,30%,Nite,CHATOT,15
MUSCLE_JUNGLE,10,30%,Nite,STUFFUL,15
MUSCLE_JUNGLE,10,20%,Nite,HERACROSS,16
MUSCLE_JUNGLE,10,10%,Nite,CROAGUNK,16
MUSCLE_JUNGLE,10,4%,Nite,EXEGGCUTE,16
MUSCLE_JUNGLE,10,3%,Nite,ORANGURU,16
MUSCLE_JUNGLE,10,2%,Nite,AMAURA,18
MUSCLE_JUNGLE,10,1%,Nite,BURGELA,17
ROUTE_G,10,30%,Morn,MEOWTH,15
ROUTE_G,10,30%,Morn,SALANDIT,15
ROUTE_G,10,20%,Morn,MUDBRAY,16
ROUTE_G,10,10%,Morn,SIZZLIPEDE,16
ROUTE_G,10,4%,Morn,ROCKRUFF,16
ROUTE_G,10,3%,Morn,DWEBBLE,16
ROUTE_G,10,2%,Morn,WOOBAT,18
ROUTE_G,10,1%,Morn,NOIBAT,17
ROUTE_G,10,30%,Day,MEOWTH,15
ROUTE_G,10,30%,Day,SALANDIT,15
ROUTE_G,10,20%,Day,MUDBRAY,16
ROUTE_G,10,10%,Day,SIZZLIPEDE,16
ROUTE_G,10,4%,Day,ROCKRUFF,16
ROUTE_G,10,3%,Day,DWEBBLE,16
ROUTE_G,10,2%,Day,WOOBAT,18
ROUTE_G,10,1%,Day,NOIBAT,17
ROUTE_G,10,30%,Nite,MEOWTH,15
ROUTE_G,10,30%,Nite,SALANDIT,15
ROUTE_G,10,20%,Nite,MUDBRAY,16
ROUTE_G,10,10%,Nite,SIZZLIPEDE,16
ROUTE_G,10,4%,Nite,ROCKRUFF,16
ROUTE_G,10,3%,Nite,DWEBBLE,16
ROUTE_G,10,2%,Nite,WOOBAT,18
ROUTE_G,10,1%,Nite,NOIBAT,17
VOLCANO_EXTERIOR,10,30%,Morn,LITLEO,15
VOLCANO_EXTERIOR,10,30%,Morn,SIZZLIPEDE,15
VOLCANO_EXTERIOR,10,20%,Morn,ORICORIO_BAILE,16
VOLCANO_EXTERIOR,10,10%,Morn,HEATMOR,16
VOLCANO_EXTERIOR,10,4%,Morn,FLAREON,16
VOLCANO_EXTERIOR,10,3%,Morn,SALANDIT,16
VOLCANO_EXTERIOR,10,2%,Morn,HOUNDOUR,18
VOLCANO_EXTERIOR,10,1%,Morn,GRENMAR,17
VOLCANO_EXTERIOR,10,30%,Day,LITLEO,15
VOLCANO_EXTERIOR,10,30%,Day,SIZZLIPEDE,15
VOLCANO_EXTERIOR,10,20%,Day,ORICORIO_BAILE,16
VOLCANO_EXTERIOR,10,10%,Day,HEATMOR,16
VOLCANO_EXTERIOR,10,4%,Day,FLAREON,16
VOLCANO_EXTERIOR,10,3%,Day,SALANDIT,16
VOLCANO_EXTERIOR,10,2%,Day,HOUNDOUR,18
VOLCANO_EXTERIOR,10,1%,Day,GRENMAR,17
VOLCANO_EXTERIOR,10,30%,Nite,LITLEO,15
VOLCANO_EXTERIOR,10,30%,Nite,SIZZLIPEDE,15
VOLCANO_EXTERIOR,10,20%,Nite,ORICORIO_BAILE,16
VOLCANO_EXTERIOR,10,10%,Nite,HEATMOR,16
VOLCANO_EXTERIOR,10,4%,Nite,FLAREON,16
VOLCANO_EXTERIOR,10,3%,Nite,SALANDIT,16
VOLCANO_EXTERIOR,10,2%,Nite,HOUNDOUR,18
VOLCANO_EXTERIOR,10,1%,Nite,GRENMAR,17
VOLCANO_INTERIOR_1F,2,30%,Morn,DRILBUR,15
VOLCANO_INTERIOR_1F,2,30%,Morn,ARON,15
VOLCANO_INTERIOR_1F,2,20%,Morn,DWEBBLE,16
VOLCANO_INTERIOR_1F,2,10%,Morn,ROCKRUFF,16
VOLCANO_INTERIOR_1F,2,4%,Morn,TEDDIURSA,16
VOLCANO_INTERIOR_1F,2,3%,Morn,MEOWTH,16
VOLCANO_INTERIOR_1F,2,2%,Morn,LARVITAR,18
VOLCANO_INTERIOR_1F,2,1%,Morn,LARVESTA,17
VOLCANO_INTERIOR_1F,2,30%,Day,DRILBUR,15
VOLCANO_INTERIOR_1F,2,30%,Day,ARON,15
VOLCANO_INTERIOR_1F,2,20%,Day,DWEBBLE,16
VOLCANO_INTERIOR_1F,2,10%,Day,ROCKRUFF,16
VOLCANO_INTERIOR_1F,2,4%,Day,TEDDIURSA,16
VOLCANO_INTERIOR_1F,2,3%,Day,MEOWTH,16
VOLCANO_INTERIOR_1F,2,2%,Day,LARVITAR,18
VOLCANO_INTERIOR_1F,2,1%,Day,LARVESTA,17
VOLCANO_INTERIOR_1F,2,30%,Nite,DRILBUR,15
VOLCANO_INTERIOR_1F,2,30%,Nite,ARON,15
VOLCANO_INTERIOR_1F,2,20%,Nite,DWEBBLE,16
VOLCANO_INTERIOR_1F,2,10%,Nite,ROCKRUFF,16
VOLCANO_INTERIOR_1F,2,4%,Nite,TEDDIURSA,16
VOLCANO_INTERIOR_1F,2,3%,Nite,MEOWTH,16
VOLCANO_INTERIOR_1F,2,2%,Nite,LARVITAR,18
VOLCANO_INTERIOR_1F,2,1%,Nite,LARVESTA,17
VOLCANO_INTERIOR_B1F,2,30%,Morn,HOUNDOUR,15
VOLCANO_INTERIOR_B1F,2,30%,Morn,GRENMAR,15
VOLCANO_INTERIOR_B1F,2,20%,Morn,BEWEAR,16
VOLCANO_INTERIOR_B1F,2,10%,Morn,HEATMOR,16
VOLCANO_INTERIOR_B1F,2,4%,Morn,LITLEO,16
VOLCANO_INTERIOR_B1F,2,3%,Morn,JANGMO_O,16
VOLCANO_INTERIOR_B1F,2,2%,Morn,LARVESTA,18
VOLCANO_INTERIOR_B1F,2,1%,Morn,MINIOR_CORE,17
VOLCANO_INTERIOR_B1F,2,30%,Day,HOUNDOUR,15
VOLCANO_INTERIOR_B1F,2,30%,Day,GRENMAR,15
VOLCANO_INTERIOR_B1F,2,20%,Day,BEWEAR,16
VOLCANO_INTERIOR_B1F,2,10%,Day,HEATMOR,16
VOLCANO_INTERIOR_B1F,2,4%,Day,LITLEO,16
VOLCANO_INTERIOR_B1F,2,3%,Day,JANGMO_O,16
VOLCANO_INTERIOR_B1F,2,2%,Day,LARVESTA,18
VOLCANO_INTERIOR_B1F,2,1%,Day,LARVESTA,17
VOLCANO_INTERIOR_B1F,2,30%,Nite,HOUNDOUR,15
VOLCANO_INTERIOR_B1F,2,30%,Nite,GRENMAR,15
VOLCANO_INTERIOR_B1F,2,20%,Nite,BEWEAR,16
VOLCANO_INTERIOR_B1F,2,10%,Nite,HEATMOR,16
VOLCANO_INTERIOR_B1F,2,4%,Nite,LITLEO,16
VOLCANO_INTERIOR_B1F,2,3%,Nite,JANGMO_O,16
VOLCANO_INTERIOR_B1F,2,2%,Nite,LARVESTA,18
VOLCANO_INTERIOR_B1F,2,1%,Nite,LARVESTA,17
VOLCANO_INTERIOR_B1F_HALL,2,30%,Morn,HOUNDOUR,15
VOLCANO_INTERIOR_B1F_HALL,2,30%,Morn,GRENMAR,15
VOLCANO_INTERIOR_B1F_HALL,2,20%,Morn,BEWEAR,16
VOLCANO_INTERIOR_B1F_HALL,2,10%,Morn,HEATMOR,16
VOLCANO_INTERIOR_B1F_HALL,2,4%,Morn,LITLEO,16
VOLCANO_INTERIOR_B1F_HALL,2,3%,Morn,JANGMO_O,16
VOLCANO_INTERIOR_B1F_HALL,2,2%,Morn,MAWILE,18
VOLCANO_INTERIOR_B1F_HALL,2,1%,Morn,LARVESTA,17
VOLCANO_INTERIOR_B1F_HALL,2,30%,Day,HOUNDOUR,15
VOLCANO_INTERIOR_B1F_HALL,2,30%,Day,GRENMAR,15
VOLCANO_INTERIOR_B1F_HALL,2,20%,Day,BEWEAR,16
VOLCANO_INTERIOR_B1F_HALL,2,10%,Day,HEATMOR,16
VOLCANO_INTERIOR_B1F_HALL,2,4%,Day,LITLEO,16
VOLCANO_INTERIOR_B1F_HALL,2,3%,Day,JANGMO_O,16
VOLCANO_INTERIOR_B1F_HALL,2,2%,Day,MAWILE,18
VOLCANO_INTERIOR_B1F_HALL,2,1%,Day,LARVESTA,17
VOLCANO_INTERIOR_B1F_HALL,2,30%,Nite,HOUNDOUR,15
VOLCANO_INTERIOR_B1F_HALL,2,30%,Nite,GRENMAR,15
VOLCANO_INTERIOR_B1F_HALL,2,20%,Nite,BEWEAR,16
VOLCANO_INTERIOR_B1F_HALL,2,10%,Nite,HEATMOR,16
VOLCANO_INTERIOR_B1F_HALL,2,4%,Nite,LITLEO,16
VOLCANO_INTERIOR_B1F_HALL,2,3%,Nite,JANGMO_O,16
VOLCANO_INTERIOR_B1F_HALL,2,2%,Nite,MAWILE,18
VOLCANO_INTERIOR_B1F_HALL,2,1%,Nite,LARVESTA,17
VOLCANO_INTERIOR_2F,2,30%,Morn,SALANDIT,15
VOLCANO_INTERIOR_2F,2,30%,Morn,BEWEAR,15
VOLCANO_INTERIOR_2F,2,20%,Morn,LITLEO,16
VOLCANO_INTERIOR_2F,2,10%,Morn,GROWLITHE,16
VOLCANO_INTERIOR_2F,2,4%,Morn,DRILBUR,16
VOLCANO_INTERIOR_2F,2,3%,Morn,DRILBUR,16
VOLCANO_INTERIOR_2F,2,2%,Morn,NOIBAT,18
VOLCANO_INTERIOR_2F,2,1%,Morn,LITWICK,17
VOLCANO_INTERIOR_2F,2,30%,Day,SALANDIT,15
VOLCANO_INTERIOR_2F,2,30%,Day,BEWEAR,15
VOLCANO_INTERIOR_2F,2,20%,Day,LITLEO,16
VOLCANO_INTERIOR_2F,2,10%,Day,GROWLITHE,16
VOLCANO_INTERIOR_2F,2,4%,Day,DRILBUR,16
VOLCANO_INTERIOR_2F,2,3%,Day,DRILBUR,16
VOLCANO_INTERIOR_2F,2,2%,Day,NOIBAT,18
VOLCANO_INTERIOR_2F,2,1%,Day,LITWICK,17
VOLCANO_INTERIOR_2F,2,30%,Nite,SALANDIT,15
VOLCANO_INTERIOR_2F,2,30%,Nite,BEWEAR,15
VOLCANO_INTERIOR_2F,2,20%,Nite,LITLEO,16
VOLCANO_INTERIOR_2F,2,10%,Nite,GROWLITHE,16
VOLCANO_INTERIOR_2F,2,4%,Nite,DRILBUR,16
VOLCANO_INTERIOR_2F,2,3%,Nite,DRILBUR,16
VOLCANO_INTERIOR_2F,2,2%,Nite,NOIBAT,18
VOLCANO_INTERIOR_2F,2,1%,Nite,LITWICK,17
VOLCANO_INTERIOR_3F,2,30%,Morn,GROWLITHE,15
VOLCANO_INTERIOR_3F,2,30%,Morn,SIZZLIPEDE,15
VOLCANO_INTERIOR_3F,2,20%,Morn,MAWILE,16
VOLCANO_INTERIOR_3F,2,10%,Morn,LITLEO,16
VOLCANO_INTERIOR_3F,2,4%,Morn,GRENMAR,16
VOLCANO_INTERIOR_3F,2,3%,Morn,GRENMAR,16
VOLCANO_INTERIOR_3F,2,2%,Morn,DURANT,18
VOLCANO_INTERIOR_3F,2,1%,Morn,LARVESTA,17
VOLCANO_INTERIOR_3F,2,30%,Day,GROWLITHE,15
VOLCANO_INTERIOR_3F,2,30%,Day,SIZZLIPEDE,15
VOLCANO_INTERIOR_3F,2,20%,Day,MAWILE,16
VOLCANO_INTERIOR_3F,2,10%,Day,LITLEO,16
VOLCANO_INTERIOR_3F,2,4%,Day,GRENMAR,16
VOLCANO_INTERIOR_3F,2,3%,Day,GRENMAR,16
VOLCANO_INTERIOR_3F,2,2%,Day,DURANT,18
VOLCANO_INTERIOR_3F,2,1%,Day,LARVESTA,17
VOLCANO_INTERIOR_3F,2,30%,Nite,GROWLITHE,15
VOLCANO_INTERIOR_3F,2,30%,Nite,SIZZLIPEDE,15
VOLCANO_INTERIOR_3F,2,20%,Nite,MAWILE,16
VOLCANO_INTERIOR_3F,2,10%,Nite,LITLEO,16
VOLCANO_INTERIOR_3F,2,4%,Nite,GRENMAR,16
VOLCANO_INTERIOR_3F,2,3%,Nite,GRENMAR,16
VOLCANO_INTERIOR_3F,2,2%,Nite,DURANT,18
VOLCANO_INTERIOR_3F,2,1%,Nite,LARVESTA,17
VOLCANO_INTERIOR_4F,2,30%,Morn,WOOBAT,15
VOLCANO_INTERIOR_4F,2,30%,Morn,SALANDIT,15
VOLCANO_INTERIOR_4F,2,20%,Morn,GRENMAR,16
VOLCANO_INTERIOR_4F,2,10%,Morn,MEOWTH,16
VOLCANO_INTERIOR_4F,2,4%,Morn,HEATMOR,16
VOLCANO_INTERIOR_4F,2,3%,Morn,NOIBAT,16
VOLCANO_INTERIOR_4F,2,2%,Morn,DURANT,18
VOLCANO_INTERIOR_4F,2,1%,Morn,AMAURA,17
VOLCANO_INTERIOR_4F,2,30%,Day,WOOBAT,15
VOLCANO_INTERIOR_4F,2,30%,Day,SALANDIT,15
VOLCANO_INTERIOR_4F,2,20%,Day,GRENMAR,16
VOLCANO_INTERIOR_4F,2,10%,Day,MEOWTH,16
VOLCANO_INTERIOR_4F,2,4%,Day,HEATMOR,16
VOLCANO_INTERIOR_4F,2,3%,Day,NOIBAT,16
VOLCANO_INTERIOR_4F,2,2%,Day,DURANT,18
VOLCANO_INTERIOR_4F,2,1%,Day,AMAURA,17
VOLCANO_INTERIOR_4F,2,30%,Nite,WOOBAT,15
VOLCANO_INTERIOR_4F,2,30%,Nite,SALANDIT,15
VOLCANO_INTERIOR_4F,2,20%,Nite,GRENMAR,16
VOLCANO_INTERIOR_4F,2,10%,Nite,MEOWTH,16
VOLCANO_INTERIOR_4F,2,4%,Nite,HEATMOR,16
VOLCANO_INTERIOR_4F,2,3%,Nite,NOIBAT,16
VOLCANO_INTERIOR_4F,2,2%,Nite,DURANT,18
VOLCANO_INTERIOR_4F,2,1%,Nite,AMAURA,17
VOLCANO_INTERIOR_5F,2,30%,Morn,DRILBUR,15
VOLCANO_INTERIOR_5F,2,30%,Morn,SALANDIT,15
VOLCANO_INTERIOR_5F,2,20%,Morn,ARON,16
VOLCANO_INTERIOR_5F,2,10%,Morn,TEDDIURSA,16
VOLCANO_INTERIOR_5F,2,4%,Morn,MEOWTH,16
VOLCANO_INTERIOR_5F,2,3%,Morn,LARVITAR,16
VOLCANO_INTERIOR_5F,2,2%,Morn,FLAREON,18
VOLCANO_INTERIOR_5F,2,1%,Morn,JANGMO_O,17
VOLCANO_INTERIOR_5F,2,30%,Day,DRILBUR,15
VOLCANO_INTERIOR_5F,2,30%,Day,SALANDIT,15
VOLCANO_INTERIOR_5F,2,20%,Day,ARON,16
VOLCANO_INTERIOR_5F,2,10%,Day,TEDDIURSA,16
VOLCANO_INTERIOR_5F,2,4%,Day,MEOWTH,16
VOLCANO_INTERIOR_5F,2,3%,Day,LARVITAR,16
VOLCANO_INTERIOR_5F,2,2%,Day,FLAREON,18
VOLCANO_INTERIOR_5F,2,1%,Day,JANGMO_O,17
VOLCANO_INTERIOR_5F,2,30%,Nite,DRILBUR,15
VOLCANO_INTERIOR_5F,2,30%,Nite,SALANDIT,15
VOLCANO_INTERIOR_5F,2,20%,Nite,ARON,16
VOLCANO_INTERIOR_5F,2,10%,Nite,TEDDIURSA,16
VOLCANO_INTERIOR_5F,2,4%,Nite,MEOWTH,16
VOLCANO_INTERIOR_5F,2,3%,Nite,LARVITAR,16
VOLCANO_INTERIOR_5F,2,2%,Nite,FLAREON,18
VOLCANO_INTERIOR_5F,2,1%,Nite,JANGMO_O,17
VOLCANO_INTERIOR_5F_HALL,2,30%,Morn,DRILBUR,15
VOLCANO_INTERIOR_5F_HALL,2,30%,Morn,SALANDIT,15
VOLCANO_INTERIOR_5F_HALL,2,20%,Morn,ARON,16
VOLCANO_INTERIOR_5F_HALL,2,10%,Morn,TEDDIURSA,16
VOLCANO_INTERIOR_5F_HALL,2,4%,Morn,MEOWTH,16
VOLCANO_INTERIOR_5F_HALL,2,3%,Morn,LARVITAR,16
VOLCANO_INTERIOR_5F_HALL,2,2%,Morn,FLAREON,18
VOLCANO_INTERIOR_5F_HALL,2,1%,Morn,JANGMO_O,17
VOLCANO_INTERIOR_5F_HALL,2,30%,Day,DRILBUR,15
VOLCANO_INTERIOR_5F_HALL,2,30%,Day,SALANDIT,15
VOLCANO_INTERIOR_5F_HALL,2,20%,Day,ARON,16
VOLCANO_INTERIOR_5F_HALL,2,10%,Day,TEDDIURSA,16
VOLCANO_INTERIOR_5F_HALL,2,4%,Day,MEOWTH,16
VOLCANO_INTERIOR_5F_HALL,2,3%,Day,LARVITAR,16
VOLCANO_INTERIOR_5F_HALL,2,2%,Day,FLAREON,18
VOLCANO_INTERIOR_5F_HALL,2,1%,Day,JANGMO_O,17
VOLCANO_INTERIOR_5F_HALL,2,30%,Nite,DRILBUR,15
VOLCANO_INTERIOR_5F_HALL,2,30%,Nite,SALANDIT,15
VOLCANO_INTERIOR_5F_HALL,2,20%,Nite,ARON,16
VOLCANO_INTERIOR_5F_HALL,2,10%,Nite,TEDDIURSA,16
VOLCANO_INTERIOR_5F_HALL,2,4%,Nite,MEOWTH,16
VOLCANO_INTERIOR_5F_HALL,2,3%,Nite,LARVITAR,16
VOLCANO_INTERIOR_5F_HALL,2,2%,Nite,FLAREON,18
VOLCANO_INTERIOR_5F_HALL,2,1%,Nite,JANGMO_O,17
VOLCANO_INTERIOR_6F,2,30%,Morn,GROWLITHE,15
VOLCANO_INTERIOR_6F,2,30%,Morn,HOUNDOUR,15
VOLCANO_INTERIOR_6F,2,20%,Morn,LITLEO,16
VOLCANO_INTERIOR_6F,2,10%,Morn,SALANDIT,16
VOLCANO_INTERIOR_6F,2,4%,Morn,HEATMOR,16
VOLCANO_INTERIOR_6F,2,3%,Morn,LITWICK,16
VOLCANO_INTERIOR_6F,2,2%,Morn,GRENMAR,18
VOLCANO_INTERIOR_6F,2,1%,Morn,LARVESTA,17
VOLCANO_INTERIOR_6F,2,30%,Day,GROWLITHE,15
VOLCANO_INTERIOR_6F,2,30%,Day,HOUNDOUR,15
VOLCANO_INTERIOR_6F,2,20%,Day,LITLEO,16
VOLCANO_INTERIOR_6F,2,10%,Day,SALANDIT,16
VOLCANO_INTERIOR_6F,2,4%,Day,HEATMOR,16
VOLCANO_INTERIOR_6F,2,3%,Day,LITWICK,16
VOLCANO_INTERIOR_6F,2,2%,Day,GRENMAR,18
VOLCANO_INTERIOR_6F,2,1%,Day,LARVESTA,17
VOLCANO_INTERIOR_6F,2,30%,Nite,GROWLITHE,15
VOLCANO_INTERIOR_6F,2,30%,Nite,HOUNDOUR,15
VOLCANO_INTERIOR_6F,2,20%,Nite,LITLEO,16
VOLCANO_INTERIOR_6F,2,10%,Nite,SALANDIT,16
VOLCANO_INTERIOR_6F,2,4%,Nite,HEATMOR,16
VOLCANO_INTERIOR_6F,2,3%,Nite,LITWICK,16
VOLCANO_INTERIOR_6F,2,2%,Nite,GRENMAR,18
VOLCANO_INTERIOR_6F,2,1%,Nite,LARVESTA,17
VOLCANO_INTERIOR_6F_HALL,2,30%,Morn,GROWLITHE,15
VOLCANO_INTERIOR_6F_HALL,2,30%,Morn,HOUNDOUR,15
VOLCANO_INTERIOR_6F_HALL,2,20%,Morn,LITLEO,16
VOLCANO_INTERIOR_6F_HALL,2,10%,Morn,SALANDIT,16
VOLCANO_INTERIOR_6F_HALL,2,4%,Morn,HEATMOR,16
VOLCANO_INTERIOR_6F_HALL,2,3%,Morn,LITWICK,16
VOLCANO_INTERIOR_6F_HALL,2,2%,Morn,GRENMAR,18
VOLCANO_INTERIOR_6F_HALL,2,1%,Morn,LARVESTA,17
VOLCANO_INTERIOR_6F_HALL,2,30%,Day,GROWLITHE,15
VOLCANO_INTERIOR_6F_HALL,2,30%,Day,HOUNDOUR,15
VOLCANO_INTERIOR_6F_HALL,2,20%,Day,LITLEO,16
VOLCANO_INTERIOR_6F_HALL,2,10%,Day,SALANDIT,16
VOLCANO_INTERIOR_6F_HALL,2,4%,Day,HEATMOR,16
VOLCANO_INTERIOR_6F_HALL,2,3%,Day,LITWICK,16
VOLCANO_INTERIOR_6F_HALL,2,2%,Day,GRENMAR,18
VOLCANO_INTERIOR_6F_HALL,2,1%,Day,LARVESTA,17
VOLCANO_INTERIOR_6F_HALL,2,30%,Nite,GROWLITHE,15
VOLCANO_INTERIOR_6F_HALL,2,30%,Nite,HOUNDOUR,15
VOLCANO_INTERIOR_6F_HALL,2,20%,Nite,LITLEO,16
VOLCANO_INTERIOR_6F_HALL,2,10%,Nite,SALANDIT,16
VOLCANO_INTERIOR_6F_HALL,2,4%,Nite,HEATMOR,16
VOLCANO_INTERIOR_6F_HALL,2,3%,Nite,LITWICK,16
VOLCANO_INTERIOR_6F_HALL,2,2%,Nite,GRENMAR,18
VOLCANO_INTERIOR_6F_HALL,2,1%,Nite,LARVESTA,17
MAYBE_VILLAGE,2,30%,Morn,ORICORIO_PAU,15
MAYBE_VILLAGE,2,30%,Morn,EXEGGCUTE,15
MAYBE_VILLAGE,2,20%,Morn,ESPURR,16
MAYBE_VILLAGE,2,10%,Morn,HERACROSS,16
MAYBE_VILLAGE,2,4%,Morn,HERDIER,16
MAYBE_VILLAGE,2,3%,Morn,DEERLING,16
MAYBE_VILLAGE,2,2%,Morn,RALTS,18
MAYBE_VILLAGE,2,1%,Morn,RALTS,17
MAYBE_VILLAGE,2,30%,Day,ORICORIO_PAU,15
MAYBE_VILLAGE,2,30%,Day,EXEGGCUTE,15
MAYBE_VILLAGE,2,20%,Day,ESPURR,16
MAYBE_VILLAGE,2,10%,Day,HERACROSS,16
MAYBE_VILLAGE,2,4%,Day,HERDIER,16
MAYBE_VILLAGE,2,3%,Day,DEERLING,16
MAYBE_VILLAGE,2,2%,Day,RALTS,18
MAYBE_VILLAGE,2,1%,Day,RALTS,17
MAYBE_VILLAGE,2,30%,Nite,ORICORIO_PAU,15
MAYBE_VILLAGE,2,30%,Nite,EXEGGCUTE,15
MAYBE_VILLAGE,2,20%,Nite,ESPURR,16
MAYBE_VILLAGE,2,10%,Nite,HERACROSS,16
MAYBE_VILLAGE,2,4%,Nite,HERDIER,16
MAYBE_VILLAGE,2,3%,Nite,DEERLING,16
MAYBE_VILLAGE,2,2%,Nite,RALTS,18
MAYBE_VILLAGE,2,1%,Nite,RALTS,17
MISPLACED_WOODS,2,30%,Morn,LEAFEON,18
MISPLACED_WOODS,2,30%,Morn,VESPIQUEN,18
MISPLACED_WOODS,2,20%,Morn,ORICORIO_POM,19
MISPLACED_WOODS,2,10%,Morn,HERACROSS,19
MISPLACED_WOODS,2,4%,Morn,TEDDIURSA,18
MISPLACED_WOODS,2,3%,Morn,PONYTA,17
MISPLACED_WOODS,2,2%,Morn,ORANGURU,18
MISPLACED_WOODS,2,1%,Morn,SAWSBUCK,18
MISPLACED_WOODS,2,30%,Day,LEAFEON,18
MISPLACED_WOODS,2,30%,Day,VESPIQUEN,18
MISPLACED_WOODS,2,20%,Day,ORICORIO_POM,19
MISPLACED_WOODS,2,10%,Day,HERACROSS,19
MISPLACED_WOODS,2,4%,Day,TEDDIURSA,18
MISPLACED_WOODS,2,3%,Day,PONYTA,17
MISPLACED_WOODS,2,2%,Day,ORANGURU,18
MISPLACED_WOODS,2,1%,Day,SAWSBUCK,18
MISPLACED_WOODS,2,30%,Nite,LEAFEON,18
MISPLACED_WOODS,2,30%,Nite,VESPIQUEN,18
MISPLACED_WOODS,2,20%,Nite,ORICORIO_POM,19
MISPLACED_WOODS,2,10%,Nite,HERACROSS,19
MISPLACED_WOODS,2,4%,Nite,TEDDIURSA,18
MISPLACED_WOODS,2,3%,Nite,PONYTA,17
MISPLACED_WOODS,2,2%,Nite,ORANGURU,18
MISPLACED_WOODS,2,1%,Nite,SAWSBUCK,18
MISPLACED_CAVERN_1F,2,30%,Morn,CLOBBOPUS,18
MISPLACED_CAVERN_1F,2,30%,Morn,CROAGUNK,18
MISPLACED_CAVERN_1F,2,20%,Morn,DRILBUR,19
MISPLACED_CAVERN_1F,2,10%,Morn,HEATMOR,19
MISPLACED_CAVERN_1F,2,4%,Morn,JANGMO_O,18
MISPLACED_CAVERN_1F,2,3%,Morn,MEOWTH,17
MISPLACED_CAVERN_1F,2,2%,Morn,PUPITAR,18
MISPLACED_CAVERN_1F,2,1%,Morn,DOOMSTONE,18
MISPLACED_CAVERN_1F,2,30%,Day,CLOBBOPUS,18
MISPLACED_CAVERN_1F,2,30%,Day,CROAGUNK,18
MISPLACED_CAVERN_1F,2,20%,Day,DRILBUR,19
MISPLACED_CAVERN_1F,2,10%,Day,HEATMOR,19
MISPLACED_CAVERN_1F,2,4%,Day,JANGMO_O,18
MISPLACED_CAVERN_1F,2,3%,Day,MEOWTH,17
MISPLACED_CAVERN_1F,2,2%,Day,PUPITAR,18
MISPLACED_CAVERN_1F,2,1%,Day,DOOMSTONE,18
MISPLACED_CAVERN_1F,2,30%,Nite,CLOBBOPUS,18
MISPLACED_CAVERN_1F,2,30%,Nite,CROAGUNK,18
MISPLACED_CAVERN_1F,2,20%,Nite,DRILBUR,19
MISPLACED_CAVERN_1F,2,10%,Nite,HEATMOR,19
MISPLACED_CAVERN_1F,2,4%,Nite,JANGMO_O,18
MISPLACED_CAVERN_1F,2,3%,Nite,MEOWTH,17
MISPLACED_CAVERN_1F,2,2%,Nite,PUPITAR,18
MISPLACED_CAVERN_1F,2,1%,Nite,DOOMSTONE,18
MISPLACED_CAVERN_2F,2,30%,Morn,CLOBBOPUS,18
MISPLACED_CAVERN_2F,2,30%,Morn,CROAGUNK,18
MISPLACED_CAVERN_2F,2,20%,Morn,DRILBUR,19
MISPLACED_CAVERN_2F,2,10%,Morn,HEATMOR,19
MISPLACED_CAVERN_2F,2,4%,Morn,JANGMO_O,18
MISPLACED_CAVERN_2F,2,3%,Morn,MEOWTH,17
MISPLACED_CAVERN_2F,2,2%,Morn,PUPITAR,18
MISPLACED_CAVERN_2F,2,1%,Morn,DOOMSTONE,18
MISPLACED_CAVERN_2F,2,30%,Day,CLOBBOPUS,18
MISPLACED_CAVERN_2F,2,30%,Day,CROAGUNK,18
MISPLACED_CAVERN_2F,2,20%,Day,DRILBUR,19
MISPLACED_CAVERN_2F,2,10%,Day,HEATMOR,19
MISPLACED_CAVERN_2F,2,4%,Day,JANGMO_O,18
MISPLACED_CAVERN_2F,2,3%,Day,MEOWTH,17
MISPLACED_CAVERN_2F,2,2%,Day,PUPITAR,18
MISPLACED_CAVERN_2F,2,1%,Day,DOOMSTONE,18
MISPLACED_CAVERN_2F,2,30%,Nite,CLOBBOPUS,18
MISPLACED_CAVERN_2F,2,30%,Nite,CROAGUNK,18
MISPLACED_CAVERN_2F,2,20%,Nite,DRILBUR,19
MISPLACED_CAVERN_2F,2,10%,Nite,HEATMOR,19
MISPLACED_CAVERN_2F,2,4%,Nite,JANGMO_O,18
MISPLACED_CAVERN_2F,2,3%,Nite,MEOWTH,17
MISPLACED_CAVERN_2F,2,2%,Nite,PUPITAR,18
MISPLACED_CAVERN_2F,2,1%,Nite,DOOMSTONE,18
FROZEN_PASSAGE,2,30%,Morn,SNOM,28
FROZEN_PASSAGE,2,30%,Morn,SPHEAL,28
FROZEN_PASSAGE,2,20%,Morn,SWINUB,28
FROZEN_PASSAGE,2,10%,Morn,SNOVER,28
FROZEN_PASSAGE,2,4%,Morn,PILOSWINE,28
FROZEN_PASSAGE,2,3%,Morn,SEALEO,28
FROZEN_PASSAGE,2,2%,Morn,AMAURA,28
FROZEN_PASSAGE,2,1%,Morn,AMAURA,28
FROZEN_PASSAGE,2,30%,Day,SNOM,28
FROZEN_PASSAGE,2,30%,Day,SPHEAL,28
FROZEN_PASSAGE,2,20%,Day,SWINUB,28
FROZEN_PASSAGE,2,10%,Day,SNOVER,28
FROZEN_PASSAGE,2,4%,Day,PILOSWINE,28
FROZEN_PASSAGE,2,3%,Day,SEALEO,28
FROZEN_PASSAGE,2,2%,Day,AMAURA,28
FROZEN_PASSAGE,2,1%,Day,AMAURA,28
FROZEN_PASSAGE,2,30%,Nite,SNOM,28
FROZEN_PASSAGE,2,30%,Nite,SPHEAL,28
FROZEN_PASSAGE,2,20%,Nite,SWINUB,28
FROZEN_PASSAGE,2,10%,Nite,SNOVER,28
FROZEN_PASSAGE,2,4%,Nite,PILOSWINE,28
FROZEN_PASSAGE,2,3%,Nite,SEALEO,28
FROZEN_PASSAGE,2,2%,Nite,AMAURA,28
FROZEN_PASSAGE,2,1%,Nite,AMAURA,28
FROZEN_PASSAGE_2,2,30%,Morn,SNOM,28
FROZEN_PASSAGE_2,2,30%,Morn,SWINUB,28
FROZEN_PASSAGE_2,2,20%,Morn,SNOVER,28
FROZEN_PASSAGE_2,2,10%,Morn,SPHEAL,28
FROZEN_PASSAGE_2,2,4%,Morn,PILOSWINE,28
FROZEN_PASSAGE_2,2,3%,Morn,SEALEO,28
FROZEN_PASSAGE_2,2,2%,Morn,FROSMOTH,28
FROZEN_PASSAGE_2,2,1%,Morn,AMAURA,28
FROZEN_PASSAGE_2,2,30%,Day,SNOM,28
FROZEN_PASSAGE_2,2,30%,Day,SWINUB,28
FROZEN_PASSAGE_2,2,20%,Day,SNOVER,28
FROZEN_PASSAGE_2,2,10%,Day,SPHEAL,28
FROZEN_PASSAGE_2,2,4%,Day,PILOSWINE,28
FROZEN_PASSAGE_2,2,3%,Day,SEALEO,28
FROZEN_PASSAGE_2,2,2%,Day,FROSMOTH,28
FROZEN_PASSAGE_2,2,1%,Day,AMAURA,28
FROZEN_PASSAGE_2,2,30%,Nite,SNOM,28
FROZEN_PASSAGE_2,2,30%,Nite,SWINUB,28
FROZEN_PASSAGE_2,2,20%,Nite,SNOVER,28
FROZEN_PASSAGE_2,2,10%,Nite,SPHEAL,28
FROZEN_PASSAGE_2,2,4%,Nite,PILOSWINE,28
FROZEN_PASSAGE_2,2,3%,Nite,SEALEO,28
FROZEN_PASSAGE_2,2,2%,Nite,FROSMOTH,28
FROZEN_PASSAGE_2,2,1%,Nite,AMAURA,28
FROZEN_PASSAGE_3,2,30%,Morn,SWINUB,28
FROZEN_PASSAGE_3,2,30%,Morn,SNOVER,28
FROZEN_PASSAGE_3,2,20%,Morn,SPHEAL,28
FROZEN_PASSAGE_3,2,10%,Morn,SNOM,28
FROZEN_PASSAGE_3,2,4%,Morn,PILOSWINE,28
FROZEN_PASSAGE_3,2,3%,Morn,SEALEO,28
FROZEN_PASSAGE_3,2,2%,Morn,FROSMOTH,28
FROZEN_PASSAGE_3,2,1%,Morn,AMAURA,28
FROZEN_PASSAGE_3,2,30%,Day,SWINUB,28
FROZEN_PASSAGE_3,2,30%,Day,SNOVER,28
FROZEN_PASSAGE_3,2,20%,Day,SPHEAL,28
FROZEN_PASSAGE_3,2,10%,Day,SNOM,28
FROZEN_PASSAGE_3,2,4%,Day,PILOSWINE,28
FROZEN_PASSAGE_3,2,3%,Day,SEALEO,28
FROZEN_PASSAGE_3,2,2%,Day,AMAURA,28
FROZEN_PASSAGE_3,2,1%,Day,AMAURA,28
FROZEN_PASSAGE_3,2,30%,Nite,SWINUB,28
FROZEN_PASSAGE_3,2,30%,Nite,SNOVER,28
FROZEN_PASSAGE_3,2,20%,Nite,SPHEAL,28
FROZEN_PASSAGE_3,2,10%,Nite,SNOM,28
FROZEN_PASSAGE_3,2,4%,Nite,PILOSWINE,28
FROZEN_PASSAGE_3,2,3%,Nite,SEALEO,28
FROZEN_PASSAGE_3,2,2%,Nite,AMAURA,28
FROZEN_PASSAGE_3,2,1%,Nite,AMAURA,28
IVY_ROAD,8,30%,Morn,HOUNDOOM,28
IVY_ROAD,8,30%,Morn,KOFFING,28
IVY_ROAD,8,20%,Morn,TYKER,28
IVY_ROAD,8,10%,Morn,HERDIER,28
IVY_ROAD,8,4%,Morn,GRIMER,28
IVY_ROAD,8,3%,Morn,CROAGUNK,28
IVY_ROAD,8,2%,Morn,HERACROSS,28
IVY_ROAD,8,1%,Morn,TANGELA,28
IVY_ROAD,8,30%,Day,HOUNDOOM,28
IVY_ROAD,8,30%,Day,KOFFING,28
IVY_ROAD,8,20%,Day,TYKER,28
IVY_ROAD,8,10%,Day,HERDIER,28
IVY_ROAD,8,4%,Day,GRIMER,28
IVY_ROAD,8,3%,Day,CROAGUNK,28
IVY_ROAD,8,2%,Day,HERACROSS,28
IVY_ROAD,8,1%,Day,TANGELA,28
IVY_ROAD,8,30%,Nite,HOUNDOOM,28
IVY_ROAD,8,30%,Nite,KOFFING,28
IVY_ROAD,8,20%,Nite,TYKER,28
IVY_ROAD,8,10%,Nite,HERDIER,28
IVY_ROAD,8,4%,Nite,GRIMER,28
IVY_ROAD,8,3%,Nite,CROAGUNK,28
IVY_ROAD,8,2%,Nite,HERACROSS,28
IVY_ROAD,8,1%,Nite,TANGELA,28
HAUNTED_ATTIC,2,30%,Morn,LAMPENT,28
HAUNTED_ATTIC,2,30%,Morn,HAUNTER,28
HAUNTED_ATTIC,2,20%,Morn,MISDREAVUS,28
HAUNTED_ATTIC,2,10%,Morn,DREEPY,28
HAUNTED_ATTIC,2,4%,Morn,GASTLY,28
HAUNTED_ATTIC,2,3%,Morn,GASTLY,28
HAUNTED_ATTIC,2,2%,Morn,GASTLY,28
HAUNTED_ATTIC,2,1%,Morn,DOOMSTONE,28
HAUNTED_ATTIC,2,30%,Day,LAMPENT,28
HAUNTED_ATTIC,2,30%,Day,HAUNTER,28
HAUNTED_ATTIC,2,20%,Day,MISDREAVUS,28
HAUNTED_ATTIC,2,10%,Day,DREEPY,28
HAUNTED_ATTIC,2,4%,Day,GASTLY,28
HAUNTED_ATTIC,2,3%,Day,GASTLY,28
HAUNTED_ATTIC,2,2%,Day,GASTLY,28
HAUNTED_ATTIC,2,1%,Day,DOOMSTONE,28
HAUNTED_ATTIC,2,30%,Nite,LAMPENT,28
HAUNTED_ATTIC,2,30%,Nite,HAUNTER,28
HAUNTED_ATTIC,2,20%,Nite,MISDREAVUS,28
HAUNTED_ATTIC,2,10%,Nite,DREEPY,28
HAUNTED_ATTIC,2,4%,Nite,GASTLY,28
HAUNTED_ATTIC,2,3%,Nite,GASTLY,28
HAUNTED_ATTIC,2,2%,Nite,GASTLY,28
HAUNTED_ATTIC,2,1%,Nite,DOOMSTONE,28
THE_DARK_LAB,1,30%,Morn,UNOWN,28
THE_DARK_LAB,1,30%,Morn,UNOWN,28
THE_DARK_LAB,1,20%,Morn,UNOWN,28
THE_DARK_LAB,1,10%,Morn,M_BLOCK,28
THE_DARK_LAB,1,4%,Morn,KIRBY,28
THE_DARK_LAB,1,3%,Morn,GRENMAR,28
THE_DARK_LAB,1,2%,Morn,STRAIGAR,28
THE_DARK_LAB,1,1%,Morn,BAD_EGG,28
THE_DARK_LAB,1,30%,Day,UNOWN,28
THE_DARK_LAB,1,30%,Day,UNOWN,28
THE_DARK_LAB,1,20%,Day,UNOWN,28
THE_DARK_LAB,1,10%,Day,M_BLOCK,28
THE_DARK_LAB,1,4%,Day,KIRBY,28
THE_DARK_LAB,1,3%,Day,GRENMAR,28
THE_DARK_LAB,1,2%,Day,STRAIGAR,28
THE_DARK_LAB,1,1%,Day,BAD_EGG,28
THE_DARK_LAB,1,30%,Nite,UNOWN,28
THE_DARK_LAB,1,30%,Nite,UNOWN,28
THE_DARK_LAB,1,20%,Nite,UNOWN,28
THE_DARK_LAB,1,10%,Nite,M_BLOCK,28
THE_DARK_LAB,1,4%,Nite,KIRBY,28
THE_DARK_LAB,1,3%,Nite,GRENMAR,28
THE_DARK_LAB,1,2%,Nite,STRAIGAR,28
THE_DARK_LAB,1,1%,Nite,BAD_EGG,28
THE_BETWEENS_SAFARI_ZONE,5,30%,Morn,LUXWAN,28
THE_BETWEENS_SAFARI_ZONE,5,30%,Morn,SAWSBUCK,28
THE_BETWEENS_SAFARI_ZONE,5,20%,Morn,YANMEGA,28
THE_BETWEENS_SAFARI_ZONE,5,10%,Morn,STEENEE,28
THE_BETWEENS_SAFARI_ZONE,5,4%,Morn,SCYTHER,28
THE_BETWEENS_SAFARI_ZONE,5,3%,Morn,ORANGURU,28
THE_BETWEENS_SAFARI_ZONE,5,2%,Morn,ORANGURU,28
THE_BETWEENS_SAFARI_ZONE,5,1%,Morn,TANGELA,28
THE_BETWEENS_SAFARI_ZONE,5,30%,Day,LUXWAN,28
THE_BETWEENS_SAFARI_ZONE,5,30%,Day,SAWSBUCK,28
THE_BETWEENS_SAFARI_ZONE,5,20%,Day,YANMEGA,28
THE_BETWEENS_SAFARI_ZONE,5,10%,Day,STEENEE,28
THE_BETWEENS_SAFARI_ZONE,5,4%,Day,SCYTHER,28
THE_BETWEENS_SAFARI_ZONE,5,3%,Day,ORANGURU,28
THE_BETWEENS_SAFARI_ZONE,5,2%,Day,ORANGURU,28
THE_BETWEENS_SAFARI_ZONE,5,1%,Day,TANGELA,28
THE_BETWEENS_SAFARI_ZONE,5,30%,Nite,LUXWAN,28
THE_BETWEENS_SAFARI_ZONE,5,30%,Nite,SAWSBUCK,28
THE_BETWEENS_SAFARI_ZONE,5,20%,Nite,YANMEGA,28
THE_BETWEENS_SAFARI_ZONE,5,10%,Nite,STEENEE,28
THE_BETWEENS_SAFARI_ZONE,5,4%,Nite,SCYTHER,28
THE_BETWEENS_SAFARI_ZONE,5,3%,Nite,ORANGURU,28
THE_BETWEENS_SAFARI_ZONE,5,2%,Nite,ORANGURU,28
THE_BETWEENS_SAFARI_ZONE,5,1%,Nite,TANGELA,28
THE_BETWEENS_METROID,1,30%,Morn,UNOWN,28
THE_BETWEENS_METROID,1,30%,Morn,UNOWN,28
THE_BETWEENS_METROID,1,20%,Morn,UNOWN,28
THE_BETWEENS_METROID,1,10%,Morn,KIRBY,28
THE_BETWEENS_METROID,1,4%,Morn,M_BLOCK,28
THE_BETWEENS_METROID,1,3%,Morn,BAD_EGG,28
THE_BETWEENS_METROID,1,2%,Morn,PORYGON,28
THE_BETWEENS_METROID,1,1%,Morn,PORYGON2,28
THE_BETWEENS_METROID,1,30%,Day,UNOWN,28
THE_BETWEENS_METROID,1,30%,Day,UNOWN,28
THE_BETWEENS_METROID,1,20%,Day,UNOWN,28
THE_BETWEENS_METROID,1,10%,Day,KIRBY,28
THE_BETWEENS_METROID,1,4%,Day,M_BLOCK,28
THE_BETWEENS_METROID,1,3%,Day,BAD_EGG,28
THE_BETWEENS_METROID,1,2%,Day,PORYGON,28
THE_BETWEENS_METROID,1,1%,Day,PORYGON2,28
THE_BETWEENS_METROID,1,30%,Nite,UNOWN,28
THE_BETWEENS_METROID,1,30%,Nite,UNOWN,28
THE_BETWEENS_METROID,1,20%,Nite,UNOWN,28
THE_BETWEENS_METROID,1,10%,Nite,KIRBY,28
THE_BETWEENS_METROID,1,4%,Nite,M_BLOCK,28
THE_BETWEENS_METROID,1,3%,Nite,BAD_EGG,28
THE_BETWEENS_METROID,1,2%,Nite,PORYGON2,28
THE_BETWEENS_METROID,1,1%,Nite,PORYGON,28
THE_BETWEENS_VICTORY_ROAD,1,30%,Morn,EXCADRILL,28
THE_BETWEENS_VICTORY_ROAD,1,30%,Morn,SWOOBAT,28
THE_BETWEENS_VICTORY_ROAD,1,20%,Morn,MUDSDALE,28
THE_BETWEENS_VICTORY_ROAD,1,10%,Morn,LAIRON,28
THE_BETWEENS_VICTORY_ROAD,1,4%,Morn,HARIYAMA,28
THE_BETWEENS_VICTORY_ROAD,1,3%,Morn,LYCANROC_MIDDAY,28
THE_BETWEENS_VICTORY_ROAD,1,2%,Morn,LYCANROC_DUSK,28
THE_BETWEENS_VICTORY_ROAD,1,1%,Morn,LYCANROC_MIDNIGHT,28
THE_BETWEENS_VICTORY_ROAD,1,30%,Day,EXCADRILL,28
THE_BETWEENS_VICTORY_ROAD,1,30%,Day,SWOOBAT,28
THE_BETWEENS_VICTORY_ROAD,1,20%,Day,MUDSDALE,28
THE_BETWEENS_VICTORY_ROAD,1,10%,Day,LAIRON,28
THE_BETWEENS_VICTORY_ROAD,1,4%,Day,HARIYAMA,28
THE_BETWEENS_VICTORY_ROAD,1,3%,Day,LYCANROC_MIDDAY,28
THE_BETWEENS_VICTORY_ROAD,1,2%,Day,LYCANROC_DUSK,28
THE_BETWEENS_VICTORY_ROAD,1,1%,Day,LYCANROC_MIDNIGHT,28
THE_BETWEENS_VICTORY_ROAD,1,30%,Nite,EXCADRILL,28
THE_BETWEENS_VICTORY_ROAD,1,30%,Nite,SWOOBAT,28
THE_BETWEENS_VICTORY_ROAD,1,20%,Nite,MUDSDALE,28
THE_BETWEENS_VICTORY_ROAD,1,10%,Nite,LAIRON,28
THE_BETWEENS_VICTORY_ROAD,1,4%,Nite,HARIYAMA,28
THE_BETWEENS_VICTORY_ROAD,1,3%,Nite,LYCANROC_MIDDAY,28
THE_BETWEENS_VICTORY_ROAD,1,2%,Nite,LYCANROC_DUSK,28
THE_BETWEENS_VICTORY_ROAD,1,1%,Nite,LYCANROC_MIDNIGHT,28
THE_BETWEENS_ICE_PATH,3,30%,Morn,SWINUB,28
THE_BETWEENS_ICE_PATH,3,30%,Morn,SNOVER,28
THE_BETWEENS_ICE_PATH,3,20%,Morn,SPHEAL,28
THE_BETWEENS_ICE_PATH,3,10%,Morn,SNOM,28
THE_BETWEENS_ICE_PATH,3,4%,Morn,PILOSWINE,28
THE_BETWEENS_ICE_PATH,3,3%,Morn,SEALEO,28
THE_BETWEENS_ICE_PATH,3,2%,Morn,FROSMOTH,28
THE_BETWEENS_ICE_PATH,3,1%,Morn,AMAURA,28
THE_BETWEENS_ICE_PATH,3,30%,Day,SWINUB,28
THE_BETWEENS_ICE_PATH,3,30%,Day,SNOVER,28
THE_BETWEENS_ICE_PATH,3,20%,Day,SPHEAL,28
THE_BETWEENS_ICE_PATH,3,10%,Day,SNOM,28
THE_BETWEENS_ICE_PATH,3,4%,Day,PILOSWINE,28
THE_BETWEENS_ICE_PATH,3,3%,Day,SEALEO,28
THE_BETWEENS_ICE_PATH,3,2%,Day,AMAURA,28
THE_BETWEENS_ICE_PATH,3,1%,Day,AMAURA,28
THE_BETWEENS_ICE_PATH,3,30%,Nite,SWINUB,28
THE_BETWEENS_ICE_PATH,3,30%,Nite,SNOVER,28
THE_BETWEENS_ICE_PATH,3,20%,Nite,SPHEAL,28
THE_BETWEENS_ICE_PATH,3,10%,Nite,SNOM,28
THE_BETWEENS_ICE_PATH,3,4%,Nite,PILOSWINE,28
THE_BETWEENS_ICE_PATH,3,3%,Nite,SEALEO,28
THE_BETWEENS_ICE_PATH,3,2%,Nite,AMAURA,28
THE_BETWEENS_ICE_PATH,3,1%,Nite,AMAURA,28
THE_BETWEENS_TOWN,3,30%,Morn,GARBODOR,36
THE_BETWEENS_TOWN,3,30%,Morn,WEEZING,36
THE_BETWEENS_TOWN,3,20%,Morn,EEVEE,36
THE_BETWEENS_TOWN,3,10%,Morn,STOUTLAND,36
THE_BETWEENS_TOWN,3,4%,Morn,VIKAVOLT,36
THE_BETWEENS_TOWN,3,3%,Morn,OBSTAGOON,36
THE_BETWEENS_TOWN,3,2%,Morn,SKUNTANK,36
THE_BETWEENS_TOWN,3,1%,Morn,POPPY,36
THE_BETWEENS_TOWN,3,30%,Day,GARBODOR,36
THE_BETWEENS_TOWN,3,30%,Day,WEEZING,36
THE_BETWEENS_TOWN,3,20%,Day,EEVEE,36
THE_BETWEENS_TOWN,3,10%,Day,STOUTLAND,36
THE_BETWEENS_TOWN,3,4%,Day,VIKAVOLT,36
THE_BETWEENS_TOWN,3,3%,Day,OBSTAGOON,36
THE_BETWEENS_TOWN,3,2%,Day,SKUNTANK,36
THE_BETWEENS_TOWN,3,1%,Day,POPPY,36
THE_BETWEENS_TOWN,3,30%,Nite,GARBODOR,36
THE_BETWEENS_TOWN,3,30%,Nite,WEEZING,36
THE_BETWEENS_TOWN,3,20%,Nite,EEVEE,36
THE_BETWEENS_TOWN,3,10%,Nite,STOUTLAND,36
THE_BETWEENS_TOWN,3,4%,Nite,VIKAVOLT,36
THE_BETWEENS_TOWN,3,3%,Nite,OBSTAGOON,36
THE_BETWEENS_TOWN,3,2%,Nite,SKUNTANK,36
THE_BETWEENS_TOWN,3,1%,Nite,POPPY,36
THE_BETWEENS_FOREST,3,30%,Morn,WYRDEER,36
THE_BETWEENS_FOREST,3,30%,Morn,BUZZEON,36
THE_BETWEENS_FOREST,3,20%,Morn,ORBEETLE,36
THE_BETWEENS_FOREST,3,10%,Morn,SHIINOTIC,36
THE_BETWEENS_FOREST,3,4%,Morn,BRELOOM,36
THE_BETWEENS_FOREST,3,3%,Morn,TSAREENA,36
THE_BETWEENS_FOREST,3,2%,Morn,LURANTIS,36
THE_BETWEENS_FOREST,3,1%,Morn,JUNGELA,36
THE_BETWEENS_FOREST,3,30%,Day,WYRDEER,36
THE_BETWEENS_FOREST,3,30%,Day,BUZZEON,36
THE_BETWEENS_FOREST,3,20%,Day,ORBEETLE,36
THE_BETWEENS_FOREST,3,10%,Day,SHIINOTIC,36
THE_BETWEENS_FOREST,3,4%,Day,BRELOOM,36
THE_BETWEENS_FOREST,3,3%,Day,TSAREENA,36
THE_BETWEENS_FOREST,3,2%,Day,LURANTIS,36
THE_BETWEENS_FOREST,3,1%,Day,JUNGELA,36
THE_BETWEENS_FOREST,3,30%,Nite,WYRDEER,36
THE_BETWEENS_FOREST,3,30%,Nite,BUZZEON,36
THE_BETWEENS_FOREST,3,20%,Nite,ORBEETLE,36
THE_BETWEENS_FOREST,3,10%,Nite,SHIINOTIC,36
THE_BETWEENS_FOREST,3,4%,Nite,BRELOOM,36
THE_BETWEENS_FOREST,3,3%,Nite,TSAREENA,36
THE_BETWEENS_FOREST,3,2%,Nite,LURANTIS,36
THE_BETWEENS_FOREST,3,1%,Nite,JUNGELA,36
ROUTE_H,10,30%,Morn,SHELLOS,28
ROUTE_H,10,30%,Morn,FLOATZEL,28
ROUTE_H,10,20%,Morn,EXEGGUTOR,28
ROUTE_H,10,10%,Morn,YANMEGA,28
ROUTE_H,10,4%,Morn,CLAUNCHER,28
ROUTE_H,10,3%,Morn,CLAUNCHER,28
ROUTE_H,10,2%,Morn,SANDYGAST,28
ROUTE_H,10,1%,Morn,CLAUNCHER,28
ROUTE_H,10,30%,Day,SHELLOS,28
ROUTE_H,10,30%,Day,FLOATZEL,28
ROUTE_H,10,20%,Day,EXEGGUTOR,28
ROUTE_H,10,10%,Day,YANMEGA,28
ROUTE_H,10,4%,Day,CLAUNCHER,28
ROUTE_H,10,3%,Day,CLAUNCHER,28
ROUTE_H,10,2%,Day,SANDYGAST,28
ROUTE_H,10,1%,Day,CLAUNCHER,28
ROUTE_H,10,30%,Nite,SHELLOS,28
ROUTE_H,10,30%,Nite,FLOATZEL,28
ROUTE_H,10,20%,Nite,EXEGGUTOR,28
ROUTE_H,10,10%,Nite,YANMEGA,28
ROUTE_H,10,4%,Nite,CLAUNCHER,28
ROUTE_H,10,3%,Nite,CLAUNCHER,28
ROUTE_H,10,2%,Nite,SANDYGAST,28
ROUTE_H,10,1%,Nite,CLAUNCHER,10
OCEAN_DETOUR,3,30%,Morn,DWEBBLE,28
OCEAN_DETOUR,3,30%,Morn,KLEAVOR,28
OCEAN_DETOUR,3,20%,Morn,EXCADRILL,28
OCEAN_DETOUR,3,10%,Morn,CLOBBOPUS,28
OCEAN_DETOUR,3,4%,Morn,JANGMO_O,28
OCEAN_DETOUR,3,3%,Morn,TIRTOUGA,28
OCEAN_DETOUR,3,2%,Morn,AMAURA,28
OCEAN_DETOUR,3,1%,Morn,PUPITAR,28
OCEAN_DETOUR,3,30%,Day,DWEBBLE,28
OCEAN_DETOUR,3,30%,Day,KLEAVOR,28
OCEAN_DETOUR,3,20%,Day,EXCADRILL,28
OCEAN_DETOUR,3,10%,Day,CLOBBOPUS,28
OCEAN_DETOUR,3,4%,Day,JANGMO_O,28
OCEAN_DETOUR,3,3%,Day,TIRTOUGA,28
OCEAN_DETOUR,3,2%,Day,AMAURA,28
OCEAN_DETOUR,3,1%,Day,PUPITAR,28
OCEAN_DETOUR,3,30%,Day,DWEBBLE,28
OCEAN_DETOUR,3,30%,Nite,KLEAVOR,28
OCEAN_DETOUR,3,20%,Nite,EXCADRILL,28
OCEAN_DETOUR,3,10%,Nite,CLOBBOPUS,28
OCEAN_DETOUR,3,4%,Nite,JANGMO_O,28
OCEAN_DETOUR,3,3%,Nite,TIRTOUGA,28
OCEAN_DETOUR,3,2%,Nite,AMAURA,28
OCEAN_DETOUR,3,1%,Nite,PUPITAR,28
ERROR_ROOM,50,30%,Morn,UNOWN,12
ERROR_ROOM,50,30%,Morn,UNOWN,12
ERROR_ROOM,50,20%,Morn,UNOWN,12
ERROR_ROOM,50,10%,Morn,UNOWN,12
ERROR_ROOM,50,4%,Morn,UNOWN,12
ERROR_ROOM,50,3%,Morn,UNOWN,12
ERROR_ROOM,50,2%,Morn,SALAZZLE2,12
ERROR_ROOM,50,1%,Morn,SALANDIT2,12
ERROR_ROOM,50,30%,Day,UNOWN,12
ERROR_ROOM,50,30%,Day,UNOWN,12
ERROR_ROOM,50,20%,Day,UNOWN,12
ERROR_ROOM,50,10%,Day,UNOWN,12
ERROR_ROOM,50,4%,Day,UNOWN,12
ERROR_ROOM,50,3%,Day,UNOWN,12
ERROR_ROOM,50,2%,Day,SALAZZLE2,12
ERROR_ROOM,50,1%,Day,SALANDIT2,12
ERROR_ROOM,50,30%,Day,UNOWN,12
ERROR_ROOM,50,30%,Nite,UNOWN,12
ERROR_ROOM,50,20%,Nite,UNOWN,12
ERROR_ROOM,50,10%,Nite,UNOWN,12
ERROR_ROOM,50,4%,Nite,UNOWN,12
ERROR_ROOM,50,3%,Nite,UNOWN,12
ERROR_ROOM,50,2%,Nite,SALAZZLE2,12
ERROR_ROOM,50,1%,Nite,SALANDIT2,12
DANK_CAVE_1F,3,30%,Morn,WOOBAT,2
DANK_CAVE_1F,3,30%,Morn,KOFFING,3
DANK_CAVE_1F,3,20%,Morn,DRILBUR,4
DANK_CAVE_1F,3,10%,Morn,MUDBRAY,3
DANK_CAVE_1F,3,4%,Morn,STUFFUL,2
DANK_CAVE_1F,3,3%,Morn,MAKUHITA,4
DANK_CAVE_1F,3,2%,Morn,ROCKRUFF,6
DANK_CAVE_1F,3,1%,Morn,SWINUB,2
DANK_CAVE_1F,3,30%,Day,WOOBAT,2
DANK_CAVE_1F,3,30%,Day,KOFFING,3
DANK_CAVE_1F,3,20%,Day,DRILBUR,4
DANK_CAVE_1F,3,10%,Day,MUDBRAY,3
DANK_CAVE_1F,3,4%,Day,STUFFUL,2
DANK_CAVE_1F,3,3%,Day,MAKUHITA,4
DANK_CAVE_1F,3,2%,Day,ROCKRUFF,6
DANK_CAVE_1F,3,1%,Day,SWINUB,2
DANK_CAVE_1F,3,30%,Nite,WOOBAT,2
DANK_CAVE_1F,3,30%,Nite,KOFFING,3
DANK_CAVE_1F,3,20%,Nite,DRILBUR,4
DANK_CAVE_1F,3,10%,Nite,MUDBRAY,3
DANK_CAVE_1F,3,4%,Nite,STUFFUL,2
DANK_CAVE_1F,3,3%,Nite,MAKUHITA,4
DANK_CAVE_1F,3,2%,Nite,ROCKRUFF,6
DANK_CAVE_1F,3,1%,Nite,SWINUB,2
DANK_CAVE_B1F,3,30%,Morn,WOOBAT,2
DANK_CAVE_B1F,3,30%,Morn,KOFFING,3
DANK_CAVE_B1F,3,20%,Morn,DRILBUR,4
DANK_CAVE_B1F,3,10%,Morn,MUDBRAY,3
DANK_CAVE_B1F,3,4%,Morn,STUFFUL,2
DANK_CAVE_B1F,3,3%,Morn,MAKUHITA,4
DANK_CAVE_B1F,3,2%,Morn,ROCKRUFF,6
DANK_CAVE_B1F,3,1%,Morn,SWINUB,2
DANK_CAVE_B1F,3,30%,Day,WOOBAT,2
DANK_CAVE_B1F,3,30%,Day,KOFFING,3
DANK_CAVE_B1F,3,20%,Day,DRILBUR,4
DANK_CAVE_B1F,3,10%,Day,MUDBRAY,3
DANK_CAVE_B1F,3,4%,Day,STUFFUL,2
DANK_CAVE_B1F,3,3%,Day,MAKUHITA,4
DANK_CAVE_B1F,3,2%,Day,ROCKRUFF,6
DANK_CAVE_B1F,3,1%,Day,SWINUB,2
DANK_CAVE_B1F,3,30%,Nite,WOOBAT,2
DANK_CAVE_B1F,3,30%,Nite,KOFFING,3
DANK_CAVE_B1F,3,20%,Nite,DRILBUR,4
DANK_CAVE_B1F,3,10%,Nite,MUDBRAY,3
DANK_CAVE_B1F,3,4%,Nite,STUFFUL,2
DANK_CAVE_B1F,3,3%,Nite,MAKUHITA,4
DANK_CAVE_B1F,3,2%,Nite,ROCKRUFF,6
DANK_CAVE_B1F,3,1%,Nite,SWINUB,2
DANK_CAVE_2F,1,30%,Morn,MAWILE,16
DANK_CAVE_2F,1,30%,Morn,SWINUB,16
DANK_CAVE_2F,1,20%,Morn,SWOOBAT,16
DANK_CAVE_2F,1,10%,Morn,LAIRON,16
DANK_CAVE_2F,1,4%,Morn,MAKUHITA,16
DANK_CAVE_2F,1,3%,Morn,LYCANROC_MIDDAY,16
DANK_CAVE_2F,1,2%,Morn,LYCANROC_DUSK,16
DANK_CAVE_2F,1,1%,Morn,LYCANROC_MIDNIGHT,16
DANK_CAVE_2F,1,30%,Day,MAWILE,16
DANK_CAVE_2F,1,30%,Day,SWINUB,16
DANK_CAVE_2F,1,20%,Day,SWOOBAT,16
DANK_CAVE_2F,1,10%,Day,LAIRON,16
DANK_CAVE_2F,1,4%,Day,MAKUHITA,16
DANK_CAVE_2F,1,3%,Day,LYCANROC_MIDDAY,16
DANK_CAVE_2F,1,2%,Day,LYCANROC_DUSK,16
DANK_CAVE_2F,1,1%,Day,LYCANROC_MIDNIGHT,16
DANK_CAVE_2F,1,30%,Nite,MAWILE,16
DANK_CAVE_2F,1,30%,Nite,SWINUB,16
DANK_CAVE_2F,1,20%,Nite,SWOOBAT,16
DANK_CAVE_2F,1,10%,Nite,LAIRON,16
DANK_CAVE_2F,1,4%,Nite,MAKUHITA,16
DANK_CAVE_2F,1,3%,Nite,LYCANROC_MIDDAY,16
DANK_CAVE_2F,1,2%,Nite,LYCANROC_DUSK,16
DANK_CAVE_2F,1,1%,Nite,LYCANROC_MIDNIGHT,16
DR_NUGGZ_MD_EXTERIOR,1,30%,Morn,SKIPLOOM,16
DR_NUGGZ_MD_EXTERIOR,1,30%,Morn,SHROOMISH,16
DR_NUGGZ_MD_EXTERIOR,1,20%,Morn,CHERRIM,16
DR_NUGGZ_MD_EXTERIOR,1,10%,Morn,STEENEE,16
DR_NUGGZ_MD_EXTERIOR,1,4%,Morn,LURANTIS,16
DR_NUGGZ_MD_EXTERIOR,1,3%,Morn,SNOVER,16
DR_NUGGZ_MD_EXTERIOR,1,2%,Morn,EXEGGUTOR,16
DR_NUGGZ_MD_EXTERIOR,1,1%,Morn,JUNGELA,16
DR_NUGGZ_MD_EXTERIOR,1,30%,Day,SKIPLOOM,16
DR_NUGGZ_MD_EXTERIOR,1,30%,Day,SHROOMISH,16
DR_NUGGZ_MD_EXTERIOR,1,20%,Day,CHERRIM,16
DR_NUGGZ_MD_EXTERIOR,1,10%,Day,STEENEE,16
DR_NUGGZ_MD_EXTERIOR,1,4%,Day,LURANTIS,16
DR_NUGGZ_MD_EXTERIOR,1,3%,Day,SNOVER,16
DR_NUGGZ_MD_EXTERIOR,1,2%,Day,EXEGGUTOR,16
DR_NUGGZ_MD_EXTERIOR,1,1%,Day,JUNGELA,16
DR_NUGGZ_MD_EXTERIOR,1,30%,Nite,SKIPLOOM,16
DR_NUGGZ_MD_EXTERIOR,1,30%,Nite,SHROOMISH,16
DR_NUGGZ_MD_EXTERIOR,1,20%,Nite,CHERRIM,16
DR_NUGGZ_MD_EXTERIOR,1,10%,Nite,STEENEE,16
DR_NUGGZ_MD_EXTERIOR,1,4%,Nite,LURANTIS,16
DR_NUGGZ_MD_EXTERIOR,1,3%,Nite,SNOVER,16
DR_NUGGZ_MD_EXTERIOR,1,2%,Nite,EXEGGUTOR,16
DR_NUGGZ_MD_EXTERIOR,1,1%,Nite,JUNGELA,16
