Pokeman,constant,name,type1,type2,heldItem1,heldItem2,eggGroup1,eggGroup2,hp,atk,def,spd,sat,sdf,catchRate,baseXP,genderRate,eggCycle,growthRate,icon,species name,Height,Weight,PokeDexP1L1,PokeDexP1L2,PokeDexP1L3,PokeDexP2L1,PokeDexP2L2,PokeDexP2L3
Spirrip,SPIRRIP,SPIRRIP,Ghost,Rock,NO_ITEM,NO_ITEM,MINERAL,,45,65,100,15,30,60,185,60,0.5,20,Medium Fast,ICON_SPIRRIP,Tombstone,260,860,It possesses the,gravestone of its,former life.,"It acts friendly,",but seems to mult-,-iply quickly.
Doomstone,DOOMSTONE,DOOMSTONE,Ghost,Rock,NO_ITEM,NO_ITEM,MINERAL,,60,95,120,65,40,70,90,147,0.5,20,Medium Fast,ICON_SPIRRIP,Tombstones,350,2400,This #MON poss-,-esses entire,family plots.,No one knows,how it can control,so many graves.
Cryptiid,CRYPTIID,CRYPTIID,Ghost,Rock,NO_ITEM,NO_ITEM,MINERAL,,65,150,130,50,50,85,45,234,0.5,20,Medium Fast,ICON_SPIRRIP,Crypt,780,7500,Often found at the,cneter of large,cemetaries.,CRYPTIID feeds off,of the sorrow of,those nearby.
Litwick,LITWICK,LITWICK,Ghost,Fire,NO_ITEM,NO_ITEM,Amorphous,,50,30,55,20,65,55,190,55,0.5,20,Medium Slow,ICON_GHOST,Candle,100,68,People and #-,MON often follow,LITWICK's light as,"a guide, but it",instead is feeding,off their energy.
Lampent,LAMPENT,LAMPENT,Ghost,Fire,NO_ITEM,NO_ITEM,Amorphous,,60,40,60,55,95,60,90,130,0.5,20,Medium Slow,ICON_GHOST,Lamp,20,287,Its baleful fire,is powered by,departed souls.,It is seen near,"hospitals, waiting",for death.
Chandelure,CHANDELURE,CHANDELURE,Ghost,Fire,NO_ITEM,NO_ITEM,Amorphous,,60,55,90,80,145,90,45,234,0.5,20,Medium Slow,ICON_GHOST,Luring,303,756,CHANDELURE will,gather spirits,into its flames.,These souls are,"burned away, left",to wander.
Rookidee,ROOKIDEE,ROOKIDEE,Flying,Flying,NO_ITEM,NO_ITEM,Flying,,38,47,35,57,33,35,255,49,0.5,15,Medium Slow,ICON_BIRD,Tiny Bird,8,40,Both reckless and,"brave, ROOKIDEE",will challenge any,opponent in,order to grow,stronger.
Corvisquire,CORVISQUIRE,CORVISQUIR,Flying,Flying,NO_ITEM,NO_ITEM,Flying,,68,67,55,77,43,55,120,128,0.5,15,Medium Slow,ICON_BIRD,Raven,207,353,An intelligent,"#MON, these",birds can use any,tool they find,including guns and,#BALLs.
Corviknight,CORVIKNIGHT,CORVIKNITE,Flying,Steel,NO_ITEM,NO_ITEM,Flying,,98,87,105,67,53,85,45,248,0.5,15,Medium Slow,ICON_BIRD,Raven,703,1653,CORVIKNIGHT reigns,supreme in the,sky with its steel,feathers and red,eyes terrorizing,its prey.
Farfetch'd,FARFETCHD,FARFETCH'D,Normal,Flying,NO_ITEM,NO_ITEM,Flying,Field,52,90,55,60,58,62,85,132,0.5,20,Medium Fast,ICON_BIRD,Wild Duck,207,331,The leek that a,FARFETCH'D holds,is both a weapon,and a succulent,part of PEKING,FARFETCH'D.
Luxwan,LUXWAN,LUXWAN,Normal,Flying,NO_ITEM,NO_ITEM,FLYING,FIELD,62,120,60,135,65,65,45,177,0.5,20,Medium Fast,ICON_BIRD,Fancy Duck,210,762,This mysterious,masked #MON,is a symbol of,justice adopted by,crimefighters from,many regions.
Sirfetch'd,SIRFETCHD,SIRFETCH'D,Fighting,Fighting,NO_ITEM,NO_ITEM,Flying,Field,62,135,95,65,68,82,45,177,0.5,20,Medium Fast,ICON_BIRD,Wild Duck,207,2579,Only by mastering,the blade can a,FARFETCH'D evolve.,It's said that if,"its leek withers,",it will retire.
Yungoos,YUNGOOS,YUNGOOS,Normal,Normal,NO_ITEM,NO_ITEM,Field,,48,70,30,45,30,30,255,51,0.5,15,Medium Fast,ICON_FOX,Loitering,104,132,Yungoos are 90%,"stomache, and will",hunt until they,collapse from,exhaustion until,the next day.
Gumshoos,GUMSHOOS,GUMSHOOS,Normal,Normal,NO_ITEM,NO_ITEM,Field,,88,110,60,45,55,60,127,146,0.5,15,Medium Fast,ICON_FOX,Stakeout,204,313,The signature,#MON of a,world leader.,GUMSHOOS has,recently lost its,popularity.
Wooloo,WOOLOO,WOOLOO,Normal,Normal,NO_ITEM,NO_ITEM,Field,,42,40,55,48,40,45,255,122,0.5,15,Medium Fast,ICON_FOX,Sheep,200,132,Its fleece is so,thick that no one,knows what a,WOOLOO looks,like under all the,wool.
Dubwool,DUBWOOL,DUBWOOL,Normal,Normal,NO_ITEM,NO_ITEM,Field,,72,80,100,88,60,90,127,172,0.5,15,Medium Fast,ICON_FOX,Sheep,403,948,Its majestic horns,are solely for,attracting mates.,They are actually,also made out of,wool.
Yamper,YAMPER,YAMPER,Electric,Electric,NO_ITEM,NO_ITEM,Field,,59,45,50,26,40,50,255,54,0.5,20,Fast,ICON_DOG,Puppy,100,298,These gluttonous,dogs are always,on the lookout for,"treats, and will",abandon duties for,a single treat.
Boltund,BOLTUND,BOLTUND,Electric,Electric,NO_ITEM,NO_ITEM,Field,,69,90,60,121,90,60,45,172,0.5,20,Fast,ICON_DOG,Dog,303,750,Boltund's legs are,full of electrical,"currents, enabling",it to run at,the speed of a,mid-size sedan.
Emolga,EMOLGA,EMOLGA,Electric,Flying,NO_ITEM,NO_ITEM,Field,,55,75,60,103,75,60,200,150,0.5,20,Medium Fast,ICON_BAT,SkySquirrel,104,110,The PIKACHU of,"UNOVA, this",flying squirrel is,valued as a pet,for children of,all ages.
Grubbin,GRUBBIN,GRUBBIN,Bug,Bug,NO_ITEM,NO_ITEM,Bug,,47,62,45,46,55,45,255,60,0.5,15,Medium Fast,ICON_CATERPILLAR,Larva,104,97,It uses its strong,jaws to open up,trees and suck out,the sap inside.,It defends itself,with small jolts.
Charjabug,CHARJABUG,CHARJABUG,Bug,Electric,NO_ITEM,NO_ITEM,Bug,,57,82,95,36,55,75,120,140,0.5,15,Medium Fast,ICON_CATERPILLAR,Battery,108,231,Its body is full,of electricity and,it is said that a,#MON PROFESSOR,has used them to,power tech.
Vikavolt,VIKAVOLT,VIKAVOLT,Bug,Electric,NO_ITEM,NO_ITEM,Bug,,77,70,90,43,145,75,45,225,0.5,15,Medium Fast,ICON_MOTH,Stag Beetle,411,992,The modern railgun,was inspired by,this BUG #MON's,ability to fire,powerful beams,and projectiles.
Blipbug,BLIPBUG,BLIPBUG,Bug,Bug,NO_ITEM,NO_ITEM,Bug,,25,20,20,45,25,45,255,36,0.5,15,Medium Fast,ICON_CATERPILLAR,Larva,104,176,Using microscopic,hairs all along,"its body, BLIPBUG",is constantly,aware of its,surroundings.
Dottler,DOTTLER,DOTTLER,Bug,Psychic,NO_ITEM,NO_ITEM,Bug,,50,35,80,30,50,90,120,117,0.5,15,Medium Fast,ICON_BUG,Radome,104,430,Mastering its,ability to assess,"its suroundings,",DOTTLER is now,capable of reading,minds.
Orbeetle,ORBEETLE,ORBEETLE,Bug,Psychic,NO_ITEM,NO_ITEM,Bug,,60,45,110,90,80,120,45,253,0.5,15,Medium Fast,ICON_MOTH,Seven Spot,104,899,ORBEETLE possess,immense psychic,"power, and very",large brains.,Often mistaken for,alien invaders.
Sizzlipede,SIZZLIPEDE,SIZZLIPEDE,Fire,Bug,NO_ITEM,NO_ITEM,Bug,,50,65,45,45,50,50,190,61,0.5,20,Medium Fast,ICON_CATERPILLAR,Radiator,204,22,It coils around,"its prey, both",squeezing and,cooking them,to death for easy,meals.
Centiskorch,CENTISKORCH,CNTISKORCH,Fire,Bug,NO_ITEM,NO_ITEM,Bug,,100,115,65,65,90,90,75,184,0.5,20,Medium Fast,ICON_SERPENT,Radiator,910,2646,"This massive,",burning bug can,lash like a whip,and is a danger,to both people and,#MON alike.
Snom,SNOM,SNOM,Ice,Bug,NO_ITEM,NO_ITEM,Bug,,30,25,35,20,45,30,190,37,0.5,20,Medium Fast,ICON_CATERPILLAR,Worm,100,84,"SNOM eat snow,",preferring the,"soft, freshly",fallen snow on,top of mountains,and houses.
Frosmoth,FROSMOTH,FROSMOTH,Ice,Bug,NO_ITEM,NO_ITEM,Bug,,70,65,60,65,125,90,75,168,0.5,20,Medium Fast,ICON_MOTH,Frost Moth,403,926,The wings of a,FROSMOTH are,so cold that they,freeze the water,in the air as they,fly about.
Aron,ARON,ARON,Steel,Rock,NO_ITEM,NO_ITEM,Monster,,50,70,100,30,40,40,180,66,0.5,35,Slow,ICON_EQUINE,Iron Armor,104,1323,With a body of,"steel, ARON eat",any metal they can,"find, making them",a menace to miners,and skyscrapers.
Lairon,LAIRON,LAIRON,Steel,Rock,NO_ITEM,NO_ITEM,Monster,,60,90,140,40,50,50,90,151,0.5,35,Slow,ICON_EQUINE,Iron Armor,211,2646,When a pair of,LAIRONs fight over,"territory, their",steel frames mean,they often end in,draws.
Aggron,AGGRON,AGGRON,Steel,Rock,NO_ITEM,NO_ITEM,Monster,,70,110,180,50,60,60,45,239,0.5,35,Slow,ICON_EQUINE,Iron Armor,611,7937,You can tell an,AGGRON's age by,the length of its,horns. It claims,entire mountains,as territory.
Noibat,NOIBAT,NOIBAT,Flying,Dragon,NO_ITEM,NO_ITEM,Flying,Dragon,40,30,35,55,45,40,190,49,0.5,20,Medium Fast,ICON_BAT,Sound Wave,5,80,There is much to,learn about this,newly discovered,#MON.,Temporary #dex,entry.
Noivern,NOIVERN,NOIVERN,Flying,Dragon,NO_ITEM,NO_ITEM,Flying,Dragon,85,70,80,123,97,80,45,187,0.5,20,Medium Fast,ICON_BAT,Sound Wave,15,850,There is much to,learn about this,newly discovered,#MON.,Temporary #dex,entry.
Woobat,WOOBAT,WOOBAT,Psychic,Flying,NO_ITEM,NO_ITEM,Field,Flying,65,45,43,72,55,43,190,65,0.5,15,Medium Fast,ICON_BAT,Bat,4,21,There is much to,learn about this,newly discovered,#MON.,Temporary #dex,entry.
Swoobat,SWOOBAT,SWOOBAT,Psychic,Flying,NO_ITEM,NO_ITEM,Field,Flying,67,57,55,114,77,55,45,149,0.5,15,Medium Fast,ICON_BAT,Courting,9,105,There is much to,learn about this,newly discovered,#MON.,Temporary #dex,entry.
Ralts,RALTS,RALTS,Psychic,Fairy,NO_ITEM,NO_ITEM,Human-Like,Amorphous,28,25,25,40,45,35,235,40,0.5,20,Slow,ICON_HUMANSHAPE,Feeling,4,66,There is much to,learn about this,newly discovered,#MON.,Temporary #dex,entry.
Kirlia,KIRLIA,KIRLIA,Psychic,Fairy,NO_ITEM,NO_ITEM,Human-Like,Amorphous,38,35,35,50,65,55,120,97,0.5,20,Slow,ICON_HUMANSHAPE,Emotion,8,202,There is much to,learn about this,newly discovered,#MON.,Temporary #dex,entry.
Gardevoir,GARDEVOIR,GARDEVOIR,Psychic,Fairy,NO_ITEM,NO_ITEM,Human-Like,Amorphous,68,65,65,80,125,115,45,233,0.5,20,Slow,ICON_HUMANSHAPE,Embrace,16,484,There is much to,learn about this,newly discovered,#MON.,Temporary #dex,entry.
Gallade,GALLADE,GALLADE,Psychic,Fighting,NO_ITEM,NO_ITEM,Human-Like,Amorphous,68,125,65,80,65,115,45,233,0,20,Slow,ICON_FIGHTER,Blade,16,520,There is much to,learn about this,newly discovered,#MON.,Temporary #dex,entry.
Hatenna,HATENNA,HATENNA,Psychic,Psychic,NO_ITEM,NO_ITEM,Fairy,,42,30,45,39,56,53,235,53,1,20,Slow,ICON_HUMANSHAPE,Calm,4,34,There is much to,learn about this,newly discovered,#MON.,Temporary #dex,entry.
Hattrem,HATTREM,HATTREM,Psychic,Psychic,NO_ITEM,NO_ITEM,Fairy,,57,40,65,49,86,73,120,130,1,20,Slow,ICON_HUMANSHAPE,Serene,6,48,There is much to,learn about this,newly discovered,#MON.,Temporary #dex,entry.
Hatterene,HATTERENE,HATTERENE,Psychic,Fairy,NO_ITEM,NO_ITEM,Fairy,,57,90,95,29,136,103,45,255,1,20,Slow,ICON_HUMANSHAPE,Silent,21,50,There is much to,learn about this,newly discovered,#MON.,Temporary #dex,entry.
Galarian Zigzagoon,ZIGZAGOON,ZIGZAGOON,Dark,Normal,NO_ITEM,NO_ITEM,Field,,38,30,41,60,30,41,255,56,0.5,15,Medium Fast,ICON_FOX,TinyRacoon,4,175,There is much to,learn about this,newly discovered,#MON.,Temporary #dex,entry.
Galarian Linoone,LINOONE,LINOONE,Dark,Normal,NO_ITEM,NO_ITEM,Field,,78,70,61,100,50,61,90,147,0.5,15,Medium Fast,ICON_FOX,Rushing,5,325,There is much to,learn about this,newly discovered,#MON.,Temporary #dex,entry.
Obstagoon,OBSTAGOON,OBSTAGOON,Dark,Normal,NO_ITEM,NO_ITEM,Field,,93,90,101,95,60,81,45,260,0.5,15,Medium Fast,ICON_FIGHTER,Blocking,16,460,There is much to,learn about this,newly discovered,#MON.,Temporary #dex,entry.
Mudbray,MUDBRAY,MUDBRAY,Ground,Ground,NO_ITEM,NO_ITEM,Field,,70,100,70,45,45,55,190,77,0.5,20,Medium Fast,ICON_EQUINE,Donkey,10,1100,There is much to,learn about this,newly discovered,#MON.,Temporary #dex,entry.
Mudsdale,MUDSDALE,MUDSDALE,Ground,Ground,NO_ITEM,NO_ITEM,Field,,100,125,100,35,55,85,60,175,0.5,20,Medium Fast,ICON_EQUINE,Draft Horse,25,9200,There is much to,learn about this,newly discovered,#MON.,Temporary #dex,entry.
Deerling,DEERLING,DEERLING,Normal,Grass,NO_ITEM,NO_ITEM,Field,,60,60,50,75,40,50,200,67,0.5,20,Medium Fast,ICON_EQUINE,Season,6,195,There is much to,learn about this,newly discovered,#MON.,Temporary #dex,entry.
Sawsbuck,SAWSBUCK,SAWSBUCK,Normal,Grass,NO_ITEM,NO_ITEM,Field,,80,100,70,95,60,70,75,166,0.5,20,Medium Fast,ICON_EQUINE,Season,19,925,There is much to,learn about this,newly discovered,#MON.,Temporary #dex,entry.
Rockruff,ROCKRUFF,ROCKRUFF,Rock,Rock,NO_ITEM,NO_ITEM,Field,,45,65,40,60,30,40,200,56,0.5,15,Medium Fast,ICON_DOG,Puppy,5,92,There is much to,learn about this,newly discovered,#MON.,Temporary #dex,entry.
Lycanroc Midday Form,LYCANROC_MIDDAY,LYCANROC,Rock,Rock,NO_ITEM,NO_ITEM,Field,,75,115,65,112,55,65,90,170,0.5,15,Medium Fast,ICON_DOG,Wolf,8,250,There is much to,learn about this,newly discovered,#MON.,Temporary #dex,entry.
Lycanroc Dusk Form,LYCANROC_DUSK,LYCANROC,Rock,Rock,NO_ITEM,NO_ITEM,Field,,75,117,65,110,55,65,90,170,0.5,15,Medium Fast,ICON_DOG,Wolf,8,250,There is much to,learn about this,newly discovered,#MON.,Temporary #dex,entry.
Lycanroc Midnight Form,LYCANROC_MIDNIGHT,LYCANROC,Rock,Rock,NO_ITEM,NO_ITEM,Field,,85,115,75,82,55,75,90,170,0.5,15,Medium Fast,ICON_DOG,Wolf,11,250,There is much to,learn about this,newly discovered,#MON.,Temporary #dex,entry.
Barboach,BARBOACH,BARBOACH,Water,Ground,NO_ITEM,NO_ITEM,Water 2,,50,48,43,60,46,41,190,58,0.5,20,Medium Fast,ICON_FISH,Whiskers,4,19,There is much to,learn about this,newly discovered,#MON.,Temporary #dex,entry.
Whiscash,WHISCASH,WHISCASH,Water,Ground,NO_ITEM,NO_ITEM,Water 2,,110,78,73,60,76,71,75,164,0.5,20,Medium Fast,ICON_FISH,Whiskers,9,236,There is much to,learn about this,newly discovered,#MON.,Temporary #dex,entry.
Gastly,GASTLY,GASTLY,Ghost,Poison,NO_ITEM,NO_ITEM,Amorphous,,30,35,30,80,100,35,190,62,0.5,20,Medium Slow,ICON_GHOST,Gas,13,1,There is much to,learn about this,newly discovered,#MON.,Temporary #dex,entry.
Haunter,HAUNTER,HAUNTER,Ghost,Poison,NO_ITEM,NO_ITEM,Amorphous,,45,50,45,95,115,55,90,142,0.5,20,Medium Slow,ICON_GHOST,Gas,16,1,There is much to,learn about this,newly discovered,#MON.,Temporary #dex,entry.
Gengar,GENGAR,GENGAR,Ghost,Poison,NO_ITEM,NO_ITEM,Amorphous,,60,65,60,110,130,75,45,225,0.5,20,Medium Slow,ICON_GHOST,Shadow,15,405,There is much to,learn about this,newly discovered,#MON.,Temporary #dex,entry.
Mega Gengar,MEGA_GENGAR,MEGAGENGAR,Ghost,Poison,NO_ITEM,NO_ITEM,Amorphous,,60,65,80,130,170,95,45,270,0.5,20,Medium Slow,ICON_GHOST,Shadow,14,405,There is much to,learn about this,newly discovered,#MON.,Temporary #dex,entry.
Unown,UNOWN,MISSINGNO.,Glitch,Glitch,NO_ITEM,NO_ITEM,Undiscovered,,50,120,50,90,120,50,180,118,U,40,Medium Fast,ICON_UNOWN,Glitch,5,50,There is much to,learn about this,newly discovered,#MON.,Temporary #dex,entry.
Dwebble,DWEBBLE,DWEBBLE,Bug,Rock,NO_ITEM,NO_ITEM,Bug,Mineral,50,65,85,55,35,35,190,65,0.5,20,Medium Fast,ICON_BUG,Rock Inn,3,145,There is much to,learn about this,newly discovered,#MON.,Temporary #dex,entry.
Crustle,CRUSTLE,CRUSTLE,Bug,Rock,NO_ITEM,NO_ITEM,Bug,Mineral,70,105,125,45,65,75,75,170,0.5,20,Medium Fast,ICON_BUG,Stone Home,14,2000,There is much to,learn about this,newly discovered,#MON.,Temporary #dex,entry.
Lotad,LOTAD,LOTAD,Water,Grass,NO_ITEM,NO_ITEM,Water 1,Grass,40,30,30,30,40,50,255,44,0.5,15,Medium Slow,ICON_LOTAD,Water Weed,5,26,There is much to,learn about this,newly discovered,#MON.,Temporary #dex,entry.
Lombre,LOMBRE,LOMBRE,Water,Grass,NO_ITEM,NO_ITEM,Water 1,Grass,60,50,50,50,60,70,120,119,0.5,15,Medium Slow,ICON_LOTAD,Jolly,12,325,There is much to,learn about this,newly discovered,#MON.,Temporary #dex,entry.
Ludicolo,LUDICOLO,LUDICOLO,Water,Grass,NO_ITEM,NO_ITEM,Water 1,Grass,80,70,70,70,90,100,45,216,0.5,15,Medium Slow,ICON_LOTAD,Carefree,15,550,There is much to,learn about this,newly discovered,#MON.,Temporary #dex,entry.
Hoppip,HOPPIP,HOPPIP,Grass,Flying,NO_ITEM,NO_ITEM,Fairy,Grass,35,35,40,50,35,55,255,50,0.5,20,Medium Slow,ICON_ODDISH,Cottonweed,4,5,There is much to,learn about this,newly discovered,#MON.,Temporary #dex,entry.
Skiploom,SKIPLOOM,SKIPLOOM,Grass,Flying,NO_ITEM,NO_ITEM,Fairy,Grass,55,45,50,80,45,65,120,119,0.5,20,Medium Slow,ICON_ODDISH,Cottonweed,6,10,There is much to,learn about this,newly discovered,#MON.,Temporary #dex,entry.
Jumpluff,JUMPLUFF,JUMPLUFF,Grass,Flying,NO_ITEM,NO_ITEM,Fairy,Grass,75,55,70,110,55,95,45,207,0.5,20,Medium Slow,ICON_ODDISH,Cottonweed,8,30,There is much to,learn about this,newly discovered,#MON.,Temporary #dex,entry.
Morelull,MORELULL,MORELULL,Grass,Fairy,NO_ITEM,NO_ITEM,Grass,,40,35,55,15,65,75,190,57,0.5,20,Medium Fast,ICON_ODDISH,Illuminator,580,15,There is much to,learn about this,newly discovered,#MON.,Temporary #dex,entry.
Shiinotic,SHIINOTIC,SHIINOTIC,Grass,Fairy,NO_ITEM,NO_ITEM,Grass,,60,45,80,30,90,100,75,142,0.5,20,Medium Fast,ICON_ODDISH,Illuminator,10,115,There is much to,learn about this,newly discovered,#MON.,Temporary #dex,entry.
Alomomola,ALOMOMOLA,ALOMOMOLA,Water,Water,NO_ITEM,NO_ITEM,Water 1,Water 2,165,75,80,65,40,45,85,165,0.5,40,Fast,ICON_FISH,Caring,12,316,There is much to,learn about this,newly discovered,#MON.,Temporary #dex,entry.
Spheal,SPHEAL,SPHEAL,Ice,Water,NO_ITEM,NO_ITEM,Water 1,Field,70,40,50,25,55,50,255,58,0.5,20,Medium Slow,ICON_SEAL,Clap,8,395,There is much to,learn about this,newly discovered,#MON.,Temporary #dex,entry.
Sealeo,SEALEO,SEALEO,Ice,Water,NO_ITEM,NO_ITEM,Water 1,Field,90,60,70,45,75,70,120,144,0.5,20,Medium Slow,ICON_SEAL,Ball Roll,11,876,There is much to,learn about this,newly discovered,#MON.,Temporary #dex,entry.
Walrein,WALREIN,WALREIN,Ice,Water,NO_ITEM,NO_ITEM,Water 1,Field,110,80,90,65,95,90,45,239,0.5,20,Medium Slow,ICON_SEAL,Ice Break,14,1506,There is much to,learn about this,newly discovered,#MON.,Temporary #dex,entry.
Dewpider,DEWPIDER,DEWPIDER,Water,Bug,NO_ITEM,NO_ITEM,Water 1,Bug,38,40,52,27,40,72,200,54,0.5,15,Medium Fast,ICON_BUG,WaterBubble,3,40,There is much to,learn about this,newly discovered,#MON.,Temporary #dex,entry.
Araquanid,ARAQUANID,ARAQUANID,Water,Bug,NO_ITEM,NO_ITEM,Water 1,Bug,68,70,92,42,50,132,100,159,0.5,15,Medium Fast,ICON_BUG,WaterBubble,18,820,There is much to,learn about this,newly discovered,#MON.,Temporary #dex,entry.
Mareanie,MAREANIE,MAREANIE,Poison,Water,NO_ITEM,NO_ITEM,Water 1,,50,53,62,45,43,52,190,61,0.5,20,Medium Fast,ICON_MAREANIE,Brutal Star,4,80,There is much to,learn about this,newly discovered,#MON.,Temporary #dex,entry.
Toxapex,TOXAPEX,TOXAPEX,Poison,Water,NO_ITEM,NO_ITEM,Water 1,,50,63,152,35,53,142,75,173,0.5,20,Medium Fast,ICON_MAREANIE,Brutal Star,7,145,There is much to,learn about this,newly discovered,#MON.,Temporary #dex,entry.
Beldum,BELDUM,BELDUM,Steel,Psychic,NO_ITEM,NO_ITEM,Mineral,,40,55,80,30,35,60,30,60,U,40,Slow,ICON_BALL,Iron Ball,6,952,There is much to,learn about this,newly discovered,#MON.,Temporary #dex,entry.
Metang,METANG,METANG,Steel,Psychic,NO_ITEM,NO_ITEM,Mineral,,60,75,100,50,55,80,29,147,U,40,Slow,ICON_BUG,Iron Claw,12,2025,There is much to,learn about this,newly discovered,#MON.,Temporary #dex,entry.
Metagross,METAGROSS,METAGROSS,Steel,Psychic,NO_ITEM,NO_ITEM,Mineral,,80,135,130,70,95,90,28,270,U,40,Slow,ICON_MONSTER,Iron Leg,16,5500,There is much to,learn about this,newly discovered,#MON.,Temporary #dex,entry.
Larvesta,LARVESTA,LARVESTA,Bug,Fire,NO_ITEM,NO_ITEM,Bug,,55,85,55,60,50,55,65,72,0.5,40,Slow,ICON_CATERPILLAR,Torch,307,635,There is much to,learn about this,newly discovered,#MON.,Temporary #dex,entry.
Volcarona,VOLCARONA,VOLCARONA,Bug,Fire,NO_ITEM,NO_ITEM,Bug,,85,60,65,100,135,105,15,275,0.5,40,Slow,ICON_MOTH,Sun,1,1,There is much to,learn about this,newly discovered,#MON.,Temporary #dex,entry.
Shroomish,SHROOMISH,SHROOMISH,Grass,Grass,NO_ITEM,NO_ITEM,Fairy,Grass,60,40,60,35,40,60,255,59,0.5,15,Fluctuating,ICON_ODDISH,Mushroom,4,45,There is much to,learn about this,newly discovered,#MON.,Temporary #dex,entry.
Breloom,BRELOOM,BRELOOM,Grass,Fighting,NO_ITEM,NO_ITEM,Fairy,Grass,60,130,80,70,60,60,90,161,0.5,15,Fluctuating,ICON_ODDISH,Mushroom,12,392,There is much to,learn about this,newly discovered,#MON.,Temporary #dex,entry.
Munna,MUNNA,MUNNA,Psychic,Psychic,NO_ITEM,NO_ITEM,Field,,76,25,45,24,67,55,190,58,0.5,10,Fast,ICON_BALL,Dream Eater,6,233,There is much to,learn about this,newly discovered,#MON.,Temporary #dex,entry.
Musharna,MUSHARNA,MUSHARNA,Psychic,Psychic,NO_ITEM,NO_ITEM,Field,,116,55,85,29,107,95,75,170,0.5,10,Fast,ICON_BALL,Drowsing,11,605,There is much to,learn about this,newly discovered,#MON.,Temporary #dex,entry.
Solosis,SOLOSIS,SOLOSIS,Psychic,Psychic,NO_ITEM,NO_ITEM,Amorphous,,45,30,40,20,105,50,200,58,0.5,20,Medium Slow,ICON_BALL,Cell,3,10,There is much to,learn about this,newly discovered,#MON.,Temporary #dex,entry.
Duosion,DUOSION,DUOSION,Psychic,Psychic,NO_ITEM,NO_ITEM,Amorphous,,65,40,50,30,125,60,100,130,0.5,20,Medium Slow,ICON_BALL,Mitosis,6,80,There is much to,learn about this,newly discovered,#MON.,Temporary #dex,entry.
Reuniclus,REUNICLUS,REUNICLUS,Psychic,Psychic,NO_ITEM,NO_ITEM,Amorphous,,110,65,75,30,125,85,50,221,0.5,20,Medium Slow,ICON_BALL,Multiplying,10,201,There is much to,learn about this,newly discovered,#MON.,Temporary #dex,entry.
Ditto,DITTO,DITTO,Normal,Normal,NO_ITEM,NO_ITEM,Ditto,,48,48,48,48,48,48,35,101,U,20,Medium Fast,ICON_BLOB,Transform,3,40,There is much to,learn about this,newly discovered,#MON.,Temporary #dex,entry.
Trubbish,TRUBBISH,TRUBBISH,Poison,Poison,NO_ITEM,NO_ITEM,Mineral,,50,50,62,65,40,62,190,66,0.5,20,Medium Fast,ICON_BLOB,Trash Bag,6,310,There is much to,learn about this,newly discovered,#MON.,Temporary #dex,entry.
Garbodor,GARBODOR,GARBODOR,Poison,Poison,NO_ITEM,NO_ITEM,Mineral,,80,95,82,75,60,82,60,166,0.5,20,Medium Fast,ICON_BLOB,Trash Heap,19,1073,There is much to,learn about this,newly discovered,#MON.,Temporary #dex,entry.
Salandit,SALANDIT,SALANDIT,Poison,Fire,NO_ITEM,NO_ITEM,Monster,Dragon,48,44,40,77,71,40,120,64,0.125,20,Medium Fast,ICON_MONSTER,ToxicLizard,6,48,There is much to,learn about this,newly discovered,#MON.,Temporary #dex,entry.
Salazzle,SALAZZLE,SALAZZLE,Poison,Fire,NO_ITEM,NO_ITEM,Monster,Dragon,68,64,60,117,111,60,45,168,1,20,Medium Fast,ICON_MONSTER,ToxicLizard,12,222,There is much to,learn about this,newly discovered,#MON.,Temporary #dex,entry.
Stunky,STUNKY,STUNKY,Poison,Dark,NO_ITEM,NO_ITEM,Field,,63,63,47,74,41,41,225,66,0.5,20,Medium Fast,ICON_FOX,Skunk,4,192,There is much to,learn about this,newly discovered,#MON.,Temporary #dex,entry.
Skuntank,SKUNTANK,SKUNTANK,Poison,Dark,NO_ITEM,NO_ITEM,Field,,103,93,67,84,71,61,60,168,0.5,20,Medium Fast,ICON_FOX,Skunk,10,380,There is much to,learn about this,newly discovered,#MON.,Temporary #dex,entry.
Grenmar,GRENMAR,GRENMAR,Water,Fire,NO_ITEM,NO_ITEM,water 1,field,75,90,60,90,105,60,90,65,0.5,20,Medium Fast,ICON_SEAL,Danger Seal,1,1,There is much to,learn about this,newly discovered,#MON.,Temporary #dex,entry.
Yanma,YANMA,YANMA,Bug,Flying,NO_ITEM,NO_ITEM,Bug,,65,65,45,95,75,45,145,78,0.5,20,Medium Fast,ICON_MOTH,Clear Wing,12,380,There is much to,learn about this,newly discovered,#MON.,Temporary #dex,entry.
Yanmega,YANMEGA,YANMEGA,Bug,Flying,NO_ITEM,NO_ITEM,Bug,,86,76,86,95,116,56,30,180,0.5,20,Medium Fast,ICON_MOTH,Ogre Darner,19,515,There is much to,learn about this,newly discovered,#MON.,Temporary #dex,entry.
Cherubi,CHERUBI,CHERUBI,Grass,Grass,NO_ITEM,NO_ITEM,Fairy,Grass,45,35,45,35,62,53,190,55,0.5,20,Medium Fast,ICON_BALL,Cherry,4,33,There is much to,learn about this,newly discovered,#MON.,Temporary #dex,entry.
Cherrim,CHERRIM,CHERRIM,Grass,Grass,NO_ITEM,NO_ITEM,Fairy,Grass,70,60,70,85,87,78,75,158,0.5,20,Medium Fast,ICON_BALL,Blossom,5,93,There is much to,learn about this,newly discovered,#MON.,Temporary #dex,entry.
Bounsweet,BOUNSWEET,BOUNSWEET,Grass,Grass,NO_ITEM,NO_ITEM,Grass,,42,30,38,32,30,38,235,42,1,20,Medium Slow,ICON_BALL,Fruit,3,32,There is much to,learn about this,newly discovered,#MON.,Temporary #dex,entry.
Steenee,STEENEE,STEENEE,Grass,Grass,NO_ITEM,NO_ITEM,Grass,,52,40,48,62,40,48,120,102,1,20,Medium Slow,ICON_HUMANSHAPE,Fruit,7,82,There is much to,learn about this,newly discovered,#MON.,Temporary #dex,entry.
Tsareena,TSAREENA,TSAREENA,Grass,Grass,NO_ITEM,NO_ITEM,Grass,,72,120,98,72,50,98,45,230,1,20,Medium Slow,ICON_HUMANSHAPE,Fruit,12,214,There is much to,learn about this,newly discovered,#MON.,Temporary #dex,entry.
bouffalant,BOUFFALANT,BOUFFALANT,Normal,Normal,NO_ITEM,NO_ITEM,Field,,95,110,95,55,40,95,70,172,0.5,20,Medium Fast,ICON_EQUINE,BashBuffalo,16,946,There is much to,learn about this,newly discovered,#MON.,Temporary #dex,entry.
Fomantis,FOMANTIS,FOMANTIS,Grass,Grass,NO_ITEM,NO_ITEM,Grass,,40,55,35,35,50,35,190,50,0.5,20,Medium Fast,ICON_HUMANSHAPE,SickleGrass,3,15,There is much to,learn about this,newly discovered,#MON.,Temporary #dex,entry.
Lurantis,LURANTIS,LURANTIS,Grass,Grass,NO_ITEM,NO_ITEM,Grass,,70,105,90,45,80,90,75,168,0.5,20,Medium Fast,ICON_HUMANSHAPE,BloomSickle,9,185,There is much to,learn about this,newly discovered,#MON.,Temporary #dex,entry.
Scyther,SCYTHER,SCYTHER,Bug,Flying,NO_ITEM,NO_ITEM,Bug,,70,110,80,105,55,80,55,100,0.5,25,Medium Fast,ICON_BUG,Mantis,15,560,There is much to,learn about this,newly discovered,#MON.,Temporary #dex,entry.
Scizor,SCIZOR,SCIZOR,Bug,Steel,NO_ITEM,NO_ITEM,Bug,,70,130,100,65,55,80,25,175,0.5,25,Medium Fast,ICON_BUG,Pincer,18,1180,There is much to,learn about this,newly discovered,#MON.,Temporary #dex,entry.
Kleavor,KLEAVOR,KLEAVOR,Bug,Rock,NO_ITEM,NO_ITEM,Bug,,70,135,95,85,45,70,25,175,0.5,25,Medium Fast,ICON_BUG,Pincer,18,1180,There is much to,learn about this,newly discovered,#MON.,Temporary #dex,entry.
Heracross,HERACROSS,HERACROSS,Bug,Fighting,NO_ITEM,NO_ITEM,Bug,,80,125,75,85,40,95,45,175,0.5,25,Slow,ICON_BUG,Single Horn,15,540,There is much to,learn about this,newly discovered,#MON.,Temporary #dex,entry.
Combee,COMBEE,COMBEE,Bug,Flying,NO_ITEM,NO_ITEM,Bug,,30,30,42,70,30,42,120,49,0.125,15,Medium Slow,ICON_MOTH,Tiny Bee,100,120,There is much to,learn about this,newly discovered,#MON.,Temporary #dex,entry.
Vespiquen,VESPIQUEN,VESPIQUEN,Bug,Flying,NO_ITEM,NO_ITEM,Bug,,70,80,102,40,80,102,45,166,1,15,Medium Slow,ICON_MOTH,Beehive,311,849,There is much to,learn about this,newly discovered,#MON.,Temporary #dex,entry.
Koffing,KOFFING,KOFFING,Poison,Poison,NO_ITEM,NO_ITEM,Amorphous,,40,65,95,35,60,45,190,68,0.5,20,Medium Fast,ICON_GHOST,Poison Gas,6,10,There is much to,learn about this,newly discovered,#MON.,Temporary #dex,entry.
Galarian Weezing,WEEZING,WEEZING,Poison,Fairy,NO_ITEM,NO_ITEM,Amorphous,,65,90,120,60,85,70,60,172,0.5,20,Medium Fast,ICON_GHOST,Poison Gas,30,160,There is much to,learn about this,newly discovered,#MON.,Temporary #dex,entry.
Alolan Grimer,GRIMER,GRIMER,Poison,Dark,NO_ITEM,NO_ITEM,Amorphous,,80,80,50,25,40,50,190,65,0.5,20,Medium Fast,ICON_BLOB,Sludge,7,420,There is much to,learn about this,newly discovered,#MON.,Temporary #dex,entry.
Alolan Muk,MUK,MUK,Poison,Dark,NO_ITEM,NO_ITEM,Amorphous,,105,105,75,50,65,100,75,175,0.5,20,Medium Fast,ICON_BLOB,Sludge,10,520,There is much to,learn about this,newly discovered,#MON.,Temporary #dex,entry.
Espurr,ESPURR,ESPURR,Psychic,Psychic,NO_ITEM,NO_ITEM,Field,,62,48,54,68,63,60,190,71,0.5,20,Medium Fast,ICON_CAT,Restraint,3,35,There is much to,learn about this,newly discovered,#MON.,Temporary #dex,entry.
Meowstic Male,MEOWSTIC_M,MEOWSTIC M,Psychic,Psychic,NO_ITEM,NO_ITEM,Field,,74,48,76,104,83,81,75,163,0.5,20,Medium Fast,ICON_CAT,Constraint,6,85,There is much to,learn about this,newly discovered,#MON.,Temporary #dex,entry.
Meowstic Female,MEOWSTIC_F,MEOWSTIC F,Psychic,Psychic,NO_ITEM,NO_ITEM,Field,,74,48,76,104,83,81,75,163,0.5,20,Medium Fast,ICON_CAT,Constraint,6,85,There is much to,learn about this,newly discovered,#MON.,Temporary #dex,entry.
Purrloin,PURRLOIN,PURRLOIN,Dark,Dark,NO_ITEM,NO_ITEM,Field,,41,50,37,66,50,37,255,56,0.5,20,Medium Fast,ICON_CAT,Devious,4,101,There is much to,learn about this,newly discovered,#MON.,Temporary #dex,entry.
Liepard,LIEPARD,LIEPARD,Dark,Dark,NO_ITEM,NO_ITEM,Field,,64,88,50,106,88,50,90,156,0.5,20,Medium Fast,ICON_CAT,Cruel,11,375,There is much to,learn about this,newly discovered,#MON.,Temporary #dex,entry.
Skitty,SKITTY,SKITTY,Normal,Normal,NO_ITEM,NO_ITEM,Field,Fairy,50,45,45,50,35,35,255,52,0.75,15,Fast,ICON_CAT,Kitten,6,110,There is much to,learn about this,newly discovered,#MON.,Temporary #dex,entry.
Delcatty,DELCATTY,DELCATTY,Normal,Normal,NO_ITEM,NO_ITEM,Field,Fairy,70,65,65,90,55,55,60,140,0.75,15,Fast,ICON_CAT,Prim,11,326,There is much to,learn about this,newly discovered,#MON.,Temporary #dex,entry.
Litleo,LITLEO,LITLEO,Fire,Normal,NO_ITEM,NO_ITEM,Field,,62,50,58,72,73,54,220,74,0.75,20,Medium Slow,ICON_CAT,Lion Cub,6,135,There is much to,learn about this,newly discovered,#MON.,Temporary #dex,entry.
Pyroar,PYROAR,PYROAR,Fire,Normal,NO_ITEM,NO_ITEM,Field,,86,68,72,106,109,66,65,177,0.75,20,Medium Slow,ICON_CAT,Royal,15,815,There is much to,learn about this,newly discovered,#MON.,Temporary #dex,entry.
Growlithe,GROWLITHE,GROWLITHE,Fire,Fire,NO_ITEM,NO_ITEM,Field,,55,70,45,60,70,50,190,70,0.25,20,Slow,ICON_DOG,Puppy,7,190,There is much to,learn about this,newly discovered,#MON.,Temporary #dex,entry.
Arcanine,ARCANINE,ARCANINE,Fire,Fire,NO_ITEM,NO_ITEM,Field,,90,110,80,95,100,80,75,194,0.25,20,Slow,ICON_DOG,Legendary,19,1550,There is much to,learn about this,newly discovered,#MON.,Temporary #dex,entry.
Stantler,STANTLER,STANTLER,Normal,Normal,NO_ITEM,NO_ITEM,Field,,73,95,62,85,85,65,115,163,0.5,20,Slow,ICON_EQUINE,Big Horn,14,712,There is much to,learn about this,newly discovered,#MON.,Temporary #dex,entry.
Wyrdeer,WYRDEER,WYRDEER,Normal,Psychic,NO_ITEM,NO_ITEM,Field,,103,105,72,65,105,75,45,163,0.5,20,Slow,ICON_EQUINE,Big Horn,14,712,There is much to,learn about this,newly discovered,#MON.,Temporary #dex,entry.
chatot,CHATOT,CHATOT,Normal,Flying,NO_ITEM,NO_ITEM,Flying,,76,65,45,91,92,42,65,144,0.5,20,Medium Slow,ICON_BIRD,Music Note,5,19,There is much to,learn about this,newly discovered,#MON.,Temporary #dex,entry.
Drilbur,DRILBUR,DRILBUR,Ground,Ground,NO_ITEM,NO_ITEM,Field,,60,85,40,68,30,45,150,66,0.5,20,Medium Fast,ICON_BEAR,Mole,3,85,There is much to,learn about this,newly discovered,#MON.,Temporary #dex,entry.
Excadrill,EXCADRILL,EXCADRILL,Ground,Steel,NO_ITEM,NO_ITEM,Field,,110,135,60,88,50,65,60,178,0.5,20,Medium Fast,ICON_BEAR,Subterrene,7,404,There is much to,learn about this,newly discovered,#MON.,Temporary #dex,entry.
Makuhita,MAKUHITA,MAKUHITA,Fighting,Fighting,NO_ITEM,NO_ITEM,Human-Like,,72,60,30,25,20,30,180,47,0.25,20,Fluctuating,ICON_FIGHTER,Guts,10,864,There is much to,learn about this,newly discovered,#MON.,Temporary #dex,entry.
Hariyama,HARIYAMA,HARIYAMA,Fighting,Fighting,NO_ITEM,NO_ITEM,Human-Like,,144,120,60,50,40,60,200,166,0.25,20,Fluctuating,ICON_FIGHTER,Arm Thrust,23,2538,There is much to,learn about this,newly discovered,#MON.,Temporary #dex,entry.
Galarian Meowth,MEOWTH,MEOWTH,Steel,Steel,NO_ITEM,NO_ITEM,Field,,50,65,55,40,40,40,255,58,0.5,20,Medium Fast,ICON_CAT,Scratch Cat,4,75,There is much to,learn about this,newly discovered,#MON.,Temporary #dex,entry.
Perrserker,PERRSERKER,PERRSERKER,Steel,Steel,NO_ITEM,NO_ITEM,Field,,70,110,100,50,50,60,90,154,0.5,20,Medium Fast,ICON_CAT,Viking,8,280,There is much to,learn about this,newly discovered,#MON.,Temporary #dex,entry.
Chomp,CHOMP,CHOMP,Steel,Dark,NO_ITEM,NO_ITEM,Mineral,,150,180,175,100,20,150,50,300,U,20,Medium Fast,ICON_BALL,Chomp,6,95,There is much to,learn about this,newly discovered,#MON.,Temporary #dex,entry.
Regimagma,REGIMAGMA,REGIMAGMA,ROCK,FIRE,NO_ITEM,NO_ITEM,Undiscovered,,80,50,100,100,200,50,20,261,U,20,Slow,ICON_MONSTER,Volcano,507,230,There is much to,learn about this,newly discovered,#MON.,Temporary #dex,entry.
Croagunk,CROAGUNK,CROAGUNK,Poison,Fighting,NO_ITEM,NO_ITEM,Human-Like,,48,61,40,50,61,40,140,60,0.5,10,Medium Fast,ICON_MONSTER,Toxic Mouth,7,230,There is much to,learn about this,newly discovered,#MON.,Temporary #dex,entry.
Toxicroak,TOXICROAK,TOXICROAK,Poison,Fighting,NO_ITEM,NO_ITEM,Human-Like,,83,106,65,85,86,65,75,172,0.5,20,Medium Fast,ICON_MONSTER,Toxic Mouth,13,444,There is much to,learn about this,newly discovered,#MON.,Temporary #dex,entry.
Clobbopus,CLOBBOPUS,CLOBBOPUS,Fighting,Fighting,NO_ITEM,NO_ITEM,Water 1,Human-Like,50,68,60,32,50,50,180,62,0.5,25,Medium Slow,ICON_MONSTER,Tantrum,6,40,There is much to,learn about this,newly discovered,#MON.,Temporary #dex,entry.
Grapploct,GRAPPLOCT,GRAPPLOCT,Fighting,Fighting,NO_ITEM,NO_ITEM,Water 1,Human-Like,80,118,90,42,70,80,80,168,0.5,25,Medium Slow,ICON_MONSTER,Jujitsu,16,390,There is much to,learn about this,newly discovered,#MON.,Temporary #dex,entry.
Jangmo-o,JANGMO_O,JANGMO-O,Dragon,Dragon,NO_ITEM,NO_ITEM,Dragon,,45,55,65,45,45,45,45,60,0.5,40,Slow,ICON_BIGMON,Scaly,6,297,There is much to,learn about this,newly discovered,#MON.,Temporary #dex,entry.
Hakamo-o,HAKAMO_O,HAKAMO-O,Dragon,Fighting,NO_ITEM,NO_ITEM,Dragon,,55,75,90,65,65,70,45,147,0.5,40,Slow,ICON_BIGMON,Scaly,12,470,There is much to,learn about this,newly discovered,#MON.,Temporary #dex,entry.
Kommo-o,KOMMO_O,KOMMO-O,Dragon,Fighting,NO_ITEM,NO_ITEM,Dragon,,75,110,125,85,100,105,45,270,0.5,40,Slow,ICON_BIGMON,Scaly,16,782,There is much to,learn about this,newly discovered,#MON.,Temporary #dex,entry.
Lillipup,LILLIPUP,LILLIPUP,Normal,Normal,NO_ITEM,NO_ITEM,Field,,45,60,45,55,25,45,255,55,0.5,15,Medium Slow,ICON_DOG,Puppy,4,41,There is much to,learn about this,newly discovered,#MON.,Temporary #dex,entry.
Herdier,HERDIER,HERDIER,Normal,Normal,NO_ITEM,NO_ITEM,Field,,65,80,65,60,35,65,120,130,0.5,15,Medium Slow,ICON_DOG,Loyal Dog,9,147,There is much to,learn about this,newly discovered,#MON.,Temporary #dex,entry.
Stoutland,STOUTLAND,STOUTLAND,Normal,Normal,NO_ITEM,NO_ITEM,Field,,85,110,90,80,45,90,45,225,0.5,15,Medium Slow,ICON_DOG,Big-Hearted,12,610,There is much to,learn about this,newly discovered,#MON.,Temporary #dex,entry.
Salandit,SALANDIT2,SALANDIT,Poison,Fire,NO_ITEM,NO_ITEM,Monster,Dragon,48,44,40,77,71,40,120,64,0.125,20,Medium Fast,ICON_MONSTER,ToxicLizard,6,48,There is much to,learn about this,newly discovered,#MON.,Temporary #dex,entry.
Salazzle,SALAZZLE2,SALAZZLE,Poison,Fire,NO_ITEM,NO_ITEM,Monster,Dragon,68,64,60,117,111,60,45,168,1,20,Medium Fast,ICON_MONSTER,ToxicLizard,12,222,There is much to,learn about this,newly discovered,#MON.,Temporary #dex,entry.
tyker,TYKER,TYKER,Electric,Electric,NO_ITEM,NO_ITEM,field,,80,55,50,40,55,60,195,53,0.5,20,Medium Slow,ICON_MONSTER,Elec Tiger,1,1,There is much to,learn about this,newly discovered,#MON.,Temporary #dex,entry.
straigar,STRAIGAR,STRAIGAR,Electric,Electric,NO_ITEM,NO_ITEM,field,,100,95,80,80,95,90,74,235,0.5,20,Medium Slow,ICON_MONSTER,Elec Tiger,1,1,There is much to,learn about this,newly discovered,#MON.,Temporary #dex,entry.
Tympole,TYMPOLE,TYMPOLE,Water,Water,NO_ITEM,NO_ITEM,Water 1,,50,50,40,64,50,40,255,59,0.5,20,Medium Slow,ICON_BALL,Tadpole,5,45,There is much to,learn about this,newly discovered,#MON.,Temporary #dex,entry.
Palpitoad,PALPITOAD,PALPITOAD,Water,Ground,NO_ITEM,NO_ITEM,Water 1,,75,65,55,69,65,55,120,134,0.5,20,Medium Slow,ICON_HUMANSHAPE,Vibration,8,170,There is much to,learn about this,newly discovered,#MON.,Temporary #dex,entry.
Seismitoad,SEISMITOAD,SEISMITOAD,Water,Ground,NO_ITEM,NO_ITEM,Water 1,,105,95,75,74,85,75,45,229,0.5,20,Medium Slow,ICON_FIGHTER,Vibration,15,620,There is much to,learn about this,newly discovered,#MON.,Temporary #dex,entry.
pikipek,PIKIPEK,PIKIPEK,Normal,Flying,NO_ITEM,NO_ITEM,Flying,,35,75,30,65,30,30,255,53,0.5,15,Medium Fast,ICON_BIRD,Woodpecker,3,12,There is much to,learn about this,newly discovered,#MON.,Temporary #dex,entry.
trumbeak,TRUMBEAK,TRUMBEAK,Normal,Flying,NO_ITEM,NO_ITEM,Flying,,55,85,50,75,40,50,120,124,0.5,15,Medium Fast,ICON_BIRD,Bugle Beak,6,148,There is much to,learn about this,newly discovered,#MON.,Temporary #dex,entry.
toucannon,TOUCANNON,TOUCANNON,Normal,Flying,NO_ITEM,NO_ITEM,Flying,,80,120,75,60,75,75,45,218,0.5,15,Medium Fast,ICON_BIRD,Cannon,11,260,There is much to,learn about this,newly discovered,#MON.,Temporary #dex,entry.
Heatmor,HEATMOR,HEATMOR,Fire,Fire,NO_ITEM,NO_ITEM,Field,,85,97,66,65,105,66,90,169,0.5,20,Medium Fast,ICON_MONSTER,Anteater,14,580,There is much to,learn about this,newly discovered,#MON.,Temporary #dex,entry.
molambino,MOLAMBINO,MOLAMBINO,Water,Steel,NO_ITEM,NO_ITEM,Water 2,,55,45,65,75,75,85,145,64,0.5,20,Medium Fast,ICON_FISH,Sunfish,1,1,There is much to,learn about this,newly discovered,#MON.,Temporary #dex,entry.
angore,ANGORE,ANGORE,Water,Steel,NO_ITEM,NO_ITEM,Water 2,,65,55,95,85,80,95,45,161,0.5,20,Slow,ICON_FISH,AnchorShark,1,1,There is much to,learn about this,newly discovered,#MON.,Temporary #dex,entry.
clauncher,CLAUNCHER,CLAUNCHER,Water,Water,NO_ITEM,NO_ITEM,Water 1,Water 3,50,53,62,44,58,63,225,66,0.5,15,Slow,ICON_MONSTER,Water Gun,5,83,There is much to,learn about this,newly discovered,#MON.,Temporary #dex,entry.
clawitzer,CLAWITZER,CLAWITZER,Water,Water,NO_ITEM,NO_ITEM,Water 1,Water 3,71,73,88,59,120,89,55,100,0.5,15,Slow,ICON_MONSTER,Howitzer,13,353,There is much to,learn about this,newly discovered,#MON.,Temporary #dex,entry.
Buizel,BUIZEL,BUIZEL,Water,Water,NO_ITEM,NO_ITEM,Water 1,Field,55,65,35,85,60,30,190,66,0.5,20,Medium Fast,ICON_FOX,Sea Weasel,7,295,There is much to,learn about this,newly discovered,#MON.,Temporary #dex,entry.
Floatzel,FLOATZEL,FLOATZEL,Water,Water,NO_ITEM,NO_ITEM,Water 1,Field,85,105,55,115,85,50,75,173,0.5,20,Medium Fast,ICON_FOX,Sea Weasel,11,335,There is much to,learn about this,newly discovered,#MON.,Temporary #dex,entry.
Shellos,SHELLOS,SHELLOS,Water,Water,NO_ITEM,NO_ITEM,Water 1,Amorphous,76,48,48,34,57,62,190,65,0.5,20,Medium Fast,ICON_LAPRAS,Sea Slug,3,63,There is much to,learn about this,newly discovered,#MON.,Temporary #dex,entry.
Gastrodon,GASTRODON,GASTRODON,Water,Ground,NO_ITEM,NO_ITEM,Water 1,Amorphous,111,83,68,39,92,82,75,166,0.5,20,Medium Fast,ICON_LAPRAS,Sea Slug,9,299,There is much to,learn about this,newly discovered,#MON.,Temporary #dex,entry.
Finneon,FINNEON,FINNEON,Water,Water,NO_ITEM,NO_ITEM,Water 2,,49,49,56,66,49,61,190,66,0.5,20,Erratic,ICON_FISH,Wing Fish,4,70,There is much to,learn about this,newly discovered,#MON.,Temporary #dex,entry.
Lumineon,LUMINEON,LUMINEON,Water,Water,NO_ITEM,NO_ITEM,Water 2,,69,69,76,91,69,86,75,161,0.5,20,Erratic,ICON_FISH,Neon,12,240,There is much to,learn about this,newly discovered,#MON.,Temporary #dex,entry.
Tirtouga,TIRTOUGA,TIRTOUGA,Water,Rock,NO_ITEM,NO_ITEM,Water 1,Water 3,54,78,103,22,53,45,60,71,0.125,30,Medium Fast,ICON_LAPRAS,Prototurtle,7,165,There is much to,learn about this,newly discovered,#MON.,Temporary #dex,entry.
Carracosta,CARRACOSTA,CARRACOSTA,Water,Rock,NO_ITEM,NO_ITEM,Water 1,Water 3,74,108,133,32,83,65,45,173,0.125,30,Medium Fast,ICON_LAPRAS,Prototurtle,12,810,There is much to,learn about this,newly discovered,#MON.,Temporary #dex,entry.
Chinchou,CHINCHOU,CHINCHOU,Water,Electric,NO_ITEM,NO_ITEM,Water 2,,75,38,38,67,56,56,190,66,0.5,20,Slow,ICON_FISH,Angler,5,120,There is much to,learn about this,newly discovered,#MON.,Temporary #dex,entry.
Lanturn,LANTURN,LANTURN,Water,Electric,NO_ITEM,NO_ITEM,Water 2,,125,58,58,67,76,76,75,161,0.5,20,Slow,ICON_FISH,Light,12,225,There is much to,learn about this,newly discovered,#MON.,Temporary #dex,entry.
burgela,BURGELA,BURGELA,Grass,Grass,NO_ITEM,NO_ITEM,Grass,,40,40,60,40,60,45,150,43,0.5,20,Medium Fast,ICON_TANGELA,Toussled,1,1,There is much to,learn about this,newly discovered,#MON.,Temporary #dex,entry.
tangela,TANGELA,TANGELA,Grass,Grass,NO_ITEM,NO_ITEM,Grass,,65,55,115,60,100,40,45,87,0.5,20,Medium Fast,ICON_TANGELA,Vine,10,350,There is much to,learn about this,newly discovered,#MON.,Temporary #dex,entry.
tangrowth,TANGROWTH,TANGROWTH,Grass,Grass,NO_ITEM,NO_ITEM,Grass,,100,100,125,50,110,50,30,187,0.5,20,Medium Fast,ICON_TANGELA,Vine,20,1286,There is much to,learn about this,newly discovered,#MON.,Temporary #dex,entry.
jungela,JUNGELA,JUNGELA,Grass,Grass,NO_ITEM,NO_ITEM,Grass,,100,110,50,50,100,125,30,187,0.5,20,Medium Fast,ICON_TANGELA,VineHair,1,1,There is much to,learn about this,newly discovered,#MON.,Temporary #dex,entry.
Eevee,EEVEE,EEVEE,Normal,Normal,NO_ITEM,NO_ITEM,Field,,55,55,50,55,45,65,90,65,0.125,35,Medium Fast,ICON_EEVEE,Evolution,3,65,There is much to,learn about this,newly discovered,#MON.,Temporary #dex,entry.
Vaporeon,VAPOREON,VAPOREON,Water,Water,NO_ITEM,NO_ITEM,Field,,130,65,60,65,110,95,70,184,0.125,35,Medium Fast,ICON_VAPOREON,Bubble Jet,10,290,There is much to,learn about this,newly discovered,#MON.,Temporary #dex,entry.
Jolteon,JOLTEON,JOLTEON,Electric,Electric,NO_ITEM,NO_ITEM,Field,,65,65,60,130,110,95,70,184,0.125,35,Medium Fast,ICON_JOLTEON,Lightning,8,245,There is much to,learn about this,newly discovered,#MON.,Temporary #dex,entry.
Flareon,FLAREON,FLAREON,Fire,Fire,NO_ITEM,NO_ITEM,Field,,65,130,60,65,95,110,70,184,0.125,35,Medium Fast,ICON_FLAREON,Flame,9,250,There is much to,learn about this,newly discovered,#MON.,Temporary #dex,entry.
Espeon,ESPEON,ESPEON,Psychic,Psychic,NO_ITEM,NO_ITEM,Field,,65,65,60,110,130,95,70,184,0.125,35,Medium Fast,ICON_ESPEON,Sun,9,265,There is much to,learn about this,newly discovered,#MON.,Temporary #dex,entry.
Umbreon,UMBREON,UMBREON,Dark,Dark,NO_ITEM,NO_ITEM,Field,,95,65,110,65,60,130,70,184,0.125,35,Medium Fast,ICON_UMBREON,Moonlight,10,270,There is much to,learn about this,newly discovered,#MON.,Temporary #dex,entry.
Glaceon,GLACEON,GLACEON,Ice,Ice,NO_ITEM,NO_ITEM,Field,,65,60,110,65,130,95,70,184,0.125,35,Medium Fast,ICON_GLACEON,Fresh Snow,8,259,There is much to,learn about this,newly discovered,#MON.,Temporary #dex,entry.
Leafeon,LEAFEON,LEAFEON,Grass,Grass,NO_ITEM,NO_ITEM,Field,,65,110,130,95,60,65,70,184,0.125,35,Medium Fast,ICON_LEAFEON,Verdant,10,255,There is much to,learn about this,newly discovered,#MON.,Temporary #dex,entry.
Sylveon,SYLVEON,SYLVEON,Fairy,Fairy,NO_ITEM,NO_ITEM,Field,,95,65,65,60,110,130,70,184,0.125,35,Medium Fast,ICON_SYLVEON,Transgender,10,235,There is much to,learn about this,newly discovered,#MON.,Temporary #dex,entry.
Buzzeon,BUZZEON,HONEON,Bug,Bug,NO_ITEM,NO_ITEM,Field,,95,130,65,110,60,65,70,184,0.125,35,Medium Fast,ICON_BUZZEON,Honeyed,109,140,There is much to,learn about this,newly discovered,#MON.,Temporary #dex,entry.
Durant,DURANT,DURANT,Bug,Steel,NO_ITEM,NO_ITEM,Bug,,58,109,112,109,48,48,90,169,0.5,20,Medium Fast,ICON_CATERPILLAR,Iron Ant,3,330,There is much to,learn about this,newly discovered,#MON.,Temporary #dex,entry.
Swinub,SWINUB,SWINUB,Ice,Ground,NO_ITEM,NO_ITEM,Field,,50,50,40,50,30,30,225,50,0.5,20,Slow,ICON_FOX,Pig,4,65,There is much to,learn about this,newly discovered,#MON.,Temporary #dex,entry.
Piloswine,PILOSWINE,PILOSWINE,Ice,Ground,NO_ITEM,NO_ITEM,Field,,100,100,80,50,60,60,75,158,0.5,20,Slow,ICON_FOX,Swine,11,558,There is much to,learn about this,newly discovered,#MON.,Temporary #dex,entry.
Mamoswine,MAMOSWINE,MAMOSWINE,Ice,Ground,NO_ITEM,NO_ITEM,Field,,110,130,80,80,70,60,50,239,0.5,20,Slow,ICON_FOX,Twin Tusk,25,2910,There is much to,learn about this,newly discovered,#MON.,Temporary #dex,entry.
Teddiursa,TEDDIURSA,TEDDIURSA,Normal,Normal,NO_ITEM,NO_ITEM,Field,,60,80,50,40,50,50,120,66,0.5,20,Medium Fast,ICON_BEAR,Little Bear,6,88,There is much to,learn about this,newly discovered,#MON.,Temporary #dex,entry.
Ursaring,URSARING,URSARING,Normal,Normal,NO_ITEM,NO_ITEM,Field,,90,130,75,55,75,75,60,175,0.5,20,Medium Fast,ICON_BEAR,Hibernator,18,1258,There is much to,learn about this,newly discovered,#MON.,Temporary #dex,entry.
Ursaluna,URSALUNA,URSALUNA,Ground,Normal,NO_ITEM,NO_ITEM,Field,,130,140,105,50,45,80,30,225,0.5,20,Medium Fast,ICON_BEAR,BigBear,1,1,There is much to,learn about this,newly discovered,#MON.,Temporary #dex,entry.
Snover,SNOVER,SNOVER,Grass,Ice,NO_ITEM,NO_ITEM,Monster,Grass,60,62,50,40,62,60,120,67,0.5,20,Slow,ICON_HUMANSHAPE,Frost Tree,10,505,There is much to,learn about this,newly discovered,#MON.,Temporary #dex,entry.
Abomasnow,ABOMASNOW,ABOMASNOW,Grass,Ice,NO_ITEM,NO_ITEM,Monster,Grass,90,92,75,60,92,85,60,173,0.5,20,Slow,ICON_FIGHTER,Frost Tree,22,1355,There is much to,learn about this,newly discovered,#MON.,Temporary #dex,entry.
Skarmory,SKARMORY,SKARMORY,Steel,Flying,NO_ITEM,NO_ITEM,Flying,,65,80,140,70,40,70,40,163,0.5,25,Slow,ICON_BIRD,Armor Bird,17,505,There is much to,learn about this,newly discovered,#MON.,Temporary #dex,entry.
Blitzle,BLITZLE,BLITZLE,Electric,Electric,NO_ITEM,NO_ITEM,Field,,45,60,32,76,50,32,190,59,0.5,20,Medium Fast,ICON_EQUINE,Electrified,8,298,There is much to,learn about this,newly discovered,#MON.,Temporary #dex,entry.
Zebstrika,ZEBSTRIKA,ZEBSTRIKA,Electric,Electric,NO_ITEM,NO_ITEM,Field,,75,100,63,116,80,63,75,174,0.5,20,Medium Fast,ICON_EQUINE,Thunderbolt,16,795,There is much to,learn about this,newly discovered,#MON.,Temporary #dex,entry.
Galarian Ponyta,PONYTA,PONYTA,Psychic,Psychic,NO_ITEM,NO_ITEM,Field,,50,85,55,90,65,65,190,82,0.5,20,Medium Fast,ICON_EQUINE,Fire Horse,8,240,There is much to,learn about this,newly discovered,#MON.,Temporary #dex,entry.
Galarian Rapidash,RAPIDASH,RAPIDASH,Psychic,Fairy,NO_ITEM,NO_ITEM,Field,,65,100,70,105,80,80,60,175,0.5,20,Medium Fast,ICON_EQUINE,Fire Horse,17,800,There is much to,learn about this,newly discovered,#MON.,Temporary #dex,entry.
Sandygast,SANDYGAST,SANDYGAST,Ghost,Ground,NO_ITEM,NO_ITEM,Amorphous,,55,55,80,15,70,45,140,64,0.5,15,Medium Fast,ICON_GHOST,Sand Heap,5,700,There is much to,learn about this,newly discovered,#MON.,Temporary #dex,entry.
Palossand,PALOSSAND,PALOSSAND,Ghost,Ground,NO_ITEM,NO_ITEM,Amorphous,,85,75,110,35,100,75,60,168,0.5,15,Medium Fast,ICON_GHOST,Sand Castle,13,2500,There is much to,learn about this,newly discovered,#MON.,Temporary #dex,entry.
Stufful,STUFFUL,STUFFUL,Normal,Fighting,NO_ITEM,NO_ITEM,Field,,70,75,50,50,45,50,140,68,0.5,15,Medium Fast,ICON_BEAR,Flailing,5,68,There is much to,learn about this,newly discovered,#MON.,Temporary #dex,entry.
Bewear,BEWEAR,BEWEAR,Normal,Fighting,NO_ITEM,NO_ITEM,Field,,120,125,80,60,55,60,70,175,0.5,15,Medium Fast,ICON_BEAR,Strong Arm,21,1350,There is much to,learn about this,newly discovered,#MON.,Temporary #dex,entry.
Oricorio Baile Style,ORICORIO_BAILE,ORICORIO,Fire,Flying,NO_ITEM,NO_ITEM,Flying,,75,70,70,93,98,70,120,167,0.75,20,Medium Fast,ICON_BIRD,Dancing,6,34,There is much to,learn about this,newly discovered,#MON.,Temporary #dex,entry.
Oricorio Pom-Pom Style,ORICORIO_POM,ORICORIO,Electric,Flying,NO_ITEM,NO_ITEM,Flying,,75,70,70,93,98,70,120,167,0.75,20,Medium Fast,ICON_BIRD,Dancing,6,34,There is much to,learn about this,newly discovered,#MON.,Temporary #dex,entry.
Houndour,HOUNDOUR,HOUNDOUR,Dark,Fire,NO_ITEM,NO_ITEM,Field,,45,60,30,65,80,50,120,66,0.5,20,Slow,ICON_DOG,Dark,6,108,There is much to,learn about this,newly discovered,#MON.,Temporary #dex,entry.
Houndoom,HOUNDOOM,HOUNDOOM,Dark,Fire,NO_ITEM,NO_ITEM,Field,,75,90,50,95,110,80,45,175,0.5,20,Slow,ICON_DOG,Dark,14,350,There is much to,learn about this,newly discovered,#MON.,Temporary #dex,entry.
Oricorio Pa'u Style,ORICORIO_PAU,ORICORIO,Psychic,Flying,NO_ITEM,NO_ITEM,Flying,,75,70,70,93,98,70,120,167,0.75,20,Medium Fast,ICON_BIRD,Dancing,6,34,There is much to,learn about this,newly discovered,#MON.,Temporary #dex,entry.
Oricorio Sensu Style,ORICORIO_SENSU,ORICORIO,Ghost,Flying,NO_ITEM,NO_ITEM,Flying,,75,70,70,93,98,70,120,167,0.75,20,Medium Fast,ICON_BIRD,Dancing,6,34,There is much to,learn about this,newly discovered,#MON.,Temporary #dex,entry.
oranguru,ORANGURU,ORANGURU,Normal,Psychic,NO_ITEM,NO_ITEM,Field,,90,60,80,60,90,110,45,172,0.5,20,Slow,ICON_FIGHTER,Sage,15,760,There is much to,learn about this,newly discovered,#MON.,Temporary #dex,entry.
Misdreavus,MISDREAVUS,MISDREAVUS,Ghost,Ghost,NO_ITEM,NO_ITEM,Amorphous,,60,60,60,85,85,85,75,87,0.5,25,Fast,ICON_GHOST,Screech,7,10,There is much to,learn about this,newly discovered,#MON.,Temporary #dex,entry.
Mismagius,MISMAGIUS,MISMAGIUS,Ghost,Ghost,NO_ITEM,NO_ITEM,Amorphous,,60,60,60,105,105,105,45,173,0.5,25,Fast,ICON_GHOST,Magical,9,44,There is much to,learn about this,newly discovered,#MON.,Temporary #dex,entry.
Porygon,PORYGON,PORYGON,Normal,Normal,NO_ITEM,NO_ITEM,Mineral,,65,60,70,40,85,75,80,79,U,20,Medium Fast,ICON_PORYGON,Virtual,8,365,There is much to,learn about this,newly discovered,#MON.,Temporary #dex,entry.
Porygon2,PORYGON2,PORYGON2,Normal,Normal,NO_ITEM,NO_ITEM,Mineral,,85,80,90,60,105,95,45,180,U,20,Medium Fast,ICON_PORYGON,Virtual,6,325,There is much to,learn about this,newly discovered,#MON.,Temporary #dex,entry.
Porygon-Z,PORYGON_Z,PORYGON-X,Normal,Normal,NO_ITEM,NO_ITEM,Mineral,,90,80,70,95,135,75,35,220,U,20,Medium Fast,ICON_PORYGON,Malware,1,1,There is much to,learn about this,newly discovered,#MON.,Temporary #dex,entry.
lapras,LAPRAS,LAPRAS,Water,Ice,NO_ITEM,NO_ITEM,Monster,Water 1,130,85,80,60,85,95,45,187,0.5,40,Slow,ICON_LAPRAS,Transport,25,2200,There is much to,learn about this,newly discovered,#MON.,Temporary #dex,entry.
Amaura,AMAURA,AMAURA,Rock,Ice,NO_ITEM,NO_ITEM,Monster,,77,59,50,46,67,63,65,72,0.125,30,Medium Fast,ICON_LAPRAS,Tundra,13,252,There is much to,learn about this,newly discovered,#MON.,Temporary #dex,entry.
Aurorus,AURORUS,AURORUS,Rock,Ice,NO_ITEM,NO_ITEM,Monster,,123,77,72,58,99,92,45,104,0.125,30,Medium Fast,ICON_LAPRAS,Tundra,27,2250,There is much to,learn about this,newly discovered,#MON.,Temporary #dex,entry.
Minior Meteor Form,MINIOR_METEOR,MINIOR,Rock,Flying,STAR_PIECE,STARDUST,Mineral,,60,60,100,60,60,100,120,154,U,20,Medium Slow,ICON_BALL,Meteor,1,1,There is much to,learn about this,newly discovered,#MON.,Temporary #dex,entry.
Minior Core Form,MINIOR_CORE,MINIOR,Rock,Flying,STARDUST,STAR_PIECE,Mineral,,60,100,60,120,100,60,120,154,U,20,Medium Slow,ICON_BALL,Meteor,1,1,There is much to,learn about this,newly discovered,#MON.,Temporary #dex,entry.
Drampa,DRAMPA,DRAMPA,Normal,Dragon,NO_ITEM,NO_ITEM,Monster,Dragon,78,60,85,36,135,91,70,170,0.5,20,Medium Fast,ICON_BIGMON,Placid,30,1850,There is much to,learn about this,newly discovered,#MON.,Temporary #dex,entry.
Snorlax,SNORLAX,SNORLAX,Normal,Normal,NO_ITEM,NO_ITEM,Monster,,160,110,65,30,65,110,25,189,0.125,40,Slow,ICON_SNORLAX,Sleeping,21,4600,There is much to,learn about this,newly discovered,#MON.,Temporary #dex,entry.
Mawile,MAWILE,MAWILE,Steel,Fairy,NO_ITEM,NO_ITEM,Field,Fairy,50,85,85,50,55,55,80,133,0.5,20,Fast,ICON_HUMANSHAPE,Deceiver,6,115,There is much to,learn about this,newly discovered,#MON.,Temporary #dex,entry.
Mega Mawile,MEGA_MAWILE,MEGAMAWILE,Steel,Fairy,NO_ITEM,NO_ITEM,Field,Fairy,50,105,125,50,55,95,45,168,0.5,20,Fast,ICON_HUMANSHAPE,Deceiver,10,235,There is much to,learn about this,newly discovered,#MON.,Temporary #dex,entry.
Skrelp,SKRELP,SKRELP,Poison,Water,NO_ITEM,NO_ITEM,Water 1,Dragon,50,60,60,30,60,60,225,64,0.5,20,Medium Fast,ICON_FISH,Mock Kelp,5,73,There is much to,learn about this,newly discovered,#MON.,Temporary #dex,entry.
Dragalge,DRAGALGE,DRAGALGE,Poison,Dragon,NO_ITEM,NO_ITEM,Water 1,Dragon,65,75,90,44,97,123,55,173,0.5,20,Medium Fast,ICON_FISH,Mock Kelp,18,815,There is much to,learn about this,newly discovered,#MON.,Temporary #dex,entry.
Dreepy,DREEPY,DREEPY,Dragon,Ghost,NO_ITEM,NO_ITEM,Amorphous,Dragon,28,60,30,82,40,30,50,54,0.5,40,Slow,ICON_GHOST,Lingering,5,20,There is much to,learn about this,newly discovered,#MON.,Temporary #dex,entry.
Drakloak,DRAKLOAK,DRAKLOAK,Dragon,Ghost,NO_ITEM,NO_ITEM,Amorphous,Dragon,68,80,50,102,60,50,45,144,0.5,40,Slow,ICON_GHOST,Caretaker,14,110,There is much to,learn about this,newly discovered,#MON.,Temporary #dex,entry.
Dragapult,DRAGAPULT,DRAGAPULT,Dragon,Ghost,NO_ITEM,NO_ITEM,Amorphous,Dragon,88,120,75,142,100,75,45,300,0.5,40,Slow,ICON_BIGMON,Stealth,30,500,There is much to,learn about this,newly discovered,#MON.,Temporary #dex,entry.
bruxish,BRUXISH,BRUXISH,Water,Psychic,NO_ITEM,NO_ITEM,Water 2,,68,105,70,92,70,70,80,166,0.5,15,Medium Fast,ICON_FISH,Gnash Teeth,9,190,There is much to,learn about this,newly discovered,#MON.,Temporary #dex,entry.
exeggcute,EXEGGCUTE,EXEGGCUTE,Grass,Psychic,NO_ITEM,NO_ITEM,Grass,,60,40,80,40,60,45,110,65,0.5,20,Slow,ICON_BALL,Egg,4,25,There is much to,learn about this,newly discovered,#MON.,Temporary #dex,entry.
alolan exeggutor,EXEGGUTOR,EXEGGUTOR,Grass,Dragon,NO_ITEM,NO_ITEM,Grass,,95,105,85,45,125,75,45,186,0.5,20,Slow,ICON_MONSTER,Coconut,109,4156,There is much to,learn about this,newly discovered,#MON.,Temporary #dex,entry.
Suicune,SUICUNE,SUICUNE,Water,Water,NO_ITEM,NO_ITEM,Undiscovered,,100,75,115,85,90,115,20,261,0,80,Slow,ICON_DOG,Aurora,20,1870,There is much to,learn about this,newly discovered,#MON.,Temporary #dex,entry.
Applin,APPLIN,APPLIN,Grass,Dragon,NO_ITEM,NO_ITEM,Grass,Dragon,40,40,80,20,40,40,255,52,0.5,20,Erratic,ICON_MONSTER,Apple Core,2,5,There is much to,learn about this,newly discovered,#MON.,Temporary #dex,entry.
Flapple,FLAPPLE,FLAPPLE,Grass,Dragon,NO_ITEM,NO_ITEM,Grass,Dragon,70,110,80,70,95,60,45,170,0.5,20,Erratic,ICON_BAT,Apple Wing,3,10,There is much to,learn about this,newly discovered,#MON.,Temporary #dex,entry.
Appletun,APPLETUN,APPLETUN,Grass,Dragon,NO_ITEM,NO_ITEM,Grass,Dragon,110,85,80,30,100,80,45,170,0.5,20,Erratic,ICON_BIGMON,AppleNectar,4,130,There is much to,learn about this,newly discovered,#MON.,Temporary #dex,entry.
Larvitar,LARVITAR,LARVITAR,Rock,Ground,NO_ITEM,NO_ITEM,Monster,,50,64,50,41,45,50,45,60,0.5,40,Slow,ICON_MONSTER,Rock Skin,6,720,There is much to,learn about this,newly discovered,#MON.,Temporary #dex,entry.
Pupitar,PUPITAR,PUPITAR,Rock,Ground,NO_ITEM,NO_ITEM,Monster,,70,84,70,51,65,70,45,144,0.5,40,Slow,ICON_BUG,Hard Shell,12,1520,There is much to,learn about this,newly discovered,#MON.,Temporary #dex,entry.
Tyranitar,TYRANITAR,TYRANITAR,Rock,Dark,NO_ITEM,NO_ITEM,Monster,,100,134,110,61,95,100,45,270,0.5,40,Slow,ICON_BIGMON,Armor,20,2020,There is much to,learn about this,newly discovered,#MON.,Temporary #dex,entry.
"Zacian, Crowned Sword",ZACIAN,ZACIAN,Fairy,Steel,NO_ITEM,NO_ITEM,Undiscovered,,92,170,115,148,80,115,20,335,0,120,Slow,ICON_DOG,Sword Dog,1,1,There is much to,learn about this,newly discovered,#MON.,Temporary #dex,entry.
MewThree,MEWTHREE,MEWTHREE,Psychic,Psychic,NO_ITEM,NO_ITEM,Undiscovered,,125,150,95,130,100,95,20,300,0,120,Slow,ICON_HUMANSHAPE,Poke God,24,3336,There is much to,learn about this,newly discovered,#MON.,Temporary #dex,entry.
Poppy,POPPY,POPPY,Normal,Ground,NO_ITEM,NO_ITEM,Field 1,,75,100,110,65,45,55,50,158,0.5,20,Medium Fast,ICON_DOG,Happy Dog,1,1,There is much to,learn about this,newly discovered,#MON.,Temporary #dex,entry.
Daisy,DAISY,DAISY,Normal,Psychic,NO_ITEM,NO_ITEM,Field 1,,70,80,65,85,90,65,50,158,0.5,20,Medium Fast,ICON_DOG,Shy Dog,1,1,There is much to,learn about this,newly discovered,#MON.,Temporary #dex,entry.
Boomer,BOOMER,BOOMER,Normal,Ghost,NO_ITEM,NO_ITEM,Field 1,,55,100,60,110,125,60,50,158,0.5,20,Medium Fast,ICON_DOG,Angry Dog,1,1,There is much to,learn about this,newly discovered,#MON.,Temporary #dex,entry.
Kirby,KIRBY,KIRBY,Normal,Normal,NO_ITEM,NO_ITEM,Field 1,,95,70,73,60,95,90,50,158,0.5,20,Medium Fast,ICON_BLOB,HAL Lab,1,1,There is much to,learn about this,newly discovered,#MON.,Temporary #dex,entry.
M Block,M_BLOCK,3TRNRPOKE,Flying,GLITCH,NO_ITEM,NO_ITEM,Undiscovered,,65,155,120,105,65,90,30,335,U,20,Medium Fast,ICON_BLOB,Glitch,1,1,There is much to,learn about this,newly discovered,#MON.,Temporary #dex,entry.
Bad EGG,BAD_EGG,BAD EGG,Poison,GLITCH,NO_ITEM,NO_ITEM,Undiscovered,,85,50,100,85,130,120,30,355,U,20,Medium Fast,ICON_EGG,Glitch,1,1,There is much to,learn about this,newly discovered,#MON.,Temporary #dex,entry.
FURIOUSB,FURIOUSB,FURIOUS B,Electric,GLITCH,NO_ITEM,NO_ITEM,Undiscovered,,255,255,255,255,255,255,20,255,0,20,Erratic,ICON_HUMANSHAPE,Slacker,57,160,There is much to,learn about this,newly discovered,#MON.,Temporary #dex,entry.
