index,pokemon,level,move
1,SPIRRIP,1,ASTONISH
1,SPIRRIP,1,TACKLE
1,SPIRRIP,5,SCREECH
1,SPIRRIP,8,HARDEN
1,SPIRRIP,10,NIGHT_SHADE
1,SPIRRIP,12,ROCK_THROW
1,SPIRRIP,17,DIG
1,SPIRRIP,20,BONEMERANG
1,SPIRRIP,24,ROCK_SLIDE
1,SPIRRIP,28,SHADOW_CLAW
1,SPIRRIP,32,BULLDOZE
1,SPIRRIP,35,BODY_SLAM
1,SPIRRIP,38,ROCK_BLAST
1,SPIRRIP,41,SANDSTORM
1,SPIRRIP,45,EARTH_POWER
1,SPIRRIP,50,GRAVE_SMASH
1,SPIRRIP,53,EXPLOSION
2,DOOMSTONE,1,SCARY_FACE
2,DOOMSTONE,1,BONEMERANG
2,DOOMSTONE,1,ROCK_SLIDE
2,DOOMSTONE,1,SHADOW_CLAW
2,DOOMSTONE,34,BULLDOZE
2,DOOMSTONE,37,BODY_SLAM
2,DOOMSTONE,40,ROCK_BLAST
2,DOOMSTONE,43,SANDSTORM
2,DOOMSTONE,47,EARTH_POWER
2,DOOMSTONE,52,GRAVE_SMASH
2,DOOMSTONE,55,EXPLOSION
2,DOOMSTONE,57,GIGA_IMPACT
3,CRYPTIID,1,SCARY_FACE
3,CRYPTIID,1,BONEMERANG
3,CRYPTIID,1,ROCK_SLIDE
3,CRYPTIID,1,SHADOW_CLAW
3,CRYPTIID,49,EARTH_POWER
3,CRYPTIID,54,GRAVE_SMASH
3,CRYPTIID,57,EXPLOSION
3,CRYPTIID,59,GIGA_IMPACT
4,LITWICK,1,ASTONISH
4,LITWICK,1,EMBER
4,LITWICK,3,MINIMIZE
4,LITWICK,4,SMOG
4,LITWICK,9,FIRE_SPIN
4,LITWICK,10,CONFUSE_RAY
4,LITWICK,15,NIGHT_SHADE
4,LITWICK,16,SINGE
4,LITWICK,20,FLAMETHROWER
4,LITWICK,24,DISABLE
4,LITWICK,26,OMINOUS_WIND
4,LITWICK,36,EXPLOSION
4,LITWICK,41,CURSE
4,LITWICK,47,SHADOW_BALL
4,LITWICK,54,PAIN_SPLIT
4,LITWICK,59,FIRE_BLAST
5,LAMPENT,1,SINGE
5,LAMPENT,1,FLAMETHROWER
5,LAMPENT,1,OMINOUS_WIND
5,LAMPENT,1,DISABLE
5,LAMPENT,37,EXPLOSION
5,LAMPENT,43,CURSE
5,LAMPENT,50,SHADOW_BALL
5,LAMPENT,59,PAIN_SPLIT
5,LAMPENT,67,FIRE_BLAST
6,CHANDELURE,1,FIRE_BLAST
6,CHANDELURE,1,FLAMETHROWER
6,CHANDELURE,1,NIGHT_SHADE
6,CHANDELURE,1,OMINOUS_WIND
7,COMBEE,1,GUST
7,COMBEE,8,STRUGGLE_BUG
7,COMBEE,13,ACID
7,COMBEE,29,BUG_BUZZ
8,VESPIQUEN,1,GUST
8,VESPIQUEN,1,STRUGGLE_BUG
8,VESPIQUEN,1,ACID
8,VESPIQUEN,21,POISON_STING
8,VESPIQUEN,22,FURY_CUTTER
8,VESPIQUEN,24,FURY_STRIKES
8,VESPIQUEN,26,SWAGGER
8,VESPIQUEN,28,AIR_SLASH
8,VESPIQUEN,32,POWER_GEM
8,VESPIQUEN,36,TOXIC
8,VESPIQUEN,40,SIGNAL_BEAM
8,VESPIQUEN,42,TWINEEDLE
8,VESPIQUEN,44,DESTINY_BOND
9,BUZZEON,1,BATON_PASS
9,BUZZEON,1,BITE
9,BUZZEON,1,SWIFT
9,BUZZEON,1,LEECH_LIFE
9,BUZZEON,5,STRING_SHOT
9,BUZZEON,6,FURY_CUTTER
9,BUZZEON,11,SING
9,BUZZEON,16,TWINEEDLE
9,BUZZEON,20,MEGA_DRAIN
9,BUZZEON,27,STUN_SPORE
9,BUZZEON,31,RECOVER
9,BUZZEON,33,GIGA_DRAIN
9,BUZZEON,47,X_SCISSOR
9,BUZZEON,48,SWORDS_DANCE
9,BUZZEON,55,MEGAHORN
10,ROOKIDEE,1,LEER
10,ROOKIDEE,1,PECK
10,ROOKIDEE,8,HONE_CLAWS
10,ROOKIDEE,12,FURY_STRIKES
10,ROOKIDEE,14,WING_ATTACK
10,ROOKIDEE,16,THIEF
10,ROOKIDEE,20,STEEL_WING
10,ROOKIDEE,27,SCARY_FACE
10,ROOKIDEE,32,SWAGGER
10,ROOKIDEE,36,DRILL_PECK
11,CORVISQUIRE,1,HONE_CLAWS
11,CORVISQUIRE,1,WING_ATTACK
11,CORVISQUIRE,1,FURY_STRIKES
11,CORVISQUIRE,1,THIEF
11,CORVISQUIRE,22,STEEL_WING
11,ROOKIDEE,24,METAL_CLAW
11,CORVISQUIRE,26,METAL_CLAW
11,CORVISQUIRE,28,SCARY_FACE
11,CORVISQUIRE,40,SWAGGER
11,CORVISQUIRE,46,DRILL_PECK
12,CORVIKNIGHT,1,STEEL_WING
12,CORVIKNIGHT,1,WING_ATTACK
12,CORVIKNIGHT,1,METAL_CLAW
12,CORVIKNIGHT,1,SCARY_FACE
12,CORVIKNIGHT,42,SWAGGER
12,CORVIKNIGHT,50,DRILL_PECK
13,FARFETCHD,1,MIRROR_MOVE
13,FARFETCHD,1,PECK
13,FARFETCHD,6,QUICK_ATTACK
13,FARFETCHD,9,FOCUS_ENERGY
13,FARFETCHD,12,FURY_STRIKES
13,FARFETCHD,13,RAZOR_LEAF
13,FARFETCHD,14,AERIAL_ACE
13,FARFETCHD,15,THIEF
13,FARFETCHD,21,AIR_CUTTER
13,FARFETCHD,27,SWORDS_DANCE
13,FARFETCHD,29,SLASH
13,FARFETCHD,32,AGILITY
13,FARFETCHD,33,NIGHT_SLASH
13,FARFETCHD,40,DRILL_PECK
13,FARFETCHD,43,AIR_SLASH
13,FARFETCHD,44,FALSE_SWIPE
13,FARFETCHD,55,LEAF_BLADE
14,LUXWAN,1,PECK
14,LUXWAN,1,SMOKESCREEN
14,LUXWAN,15,ROCK_SMASH
14,LUXWAN,20,NIGHT_SLASH
14,LUXWAN,25,PROTECT
14,LUXWAN,30,THIEF
14,LUXWAN,35,MIST
14,LUXWAN,45,SWORDS_DANCE
14,LUXWAN,50,STRENGTH
14,LUXWAN,55,LEAF_BLADE
14,LUXWAN,65,DRILL_PECK
14,LUXWAN,70,CROSS_CHOP
15,SIRFETCHD,1,LEER
15,SIRFETCHD,1,PECK
15,SIRFETCHD,1,SMOKESCREEN
15,SIRFETCHD,15,ROCK_SMASH
15,SIRFETCHD,20,NIGHT_SLASH
15,SIRFETCHD,25,PROTECT
15,SIRFETCHD,30,THIEF
15,SIRFETCHD,35,MIST
15,SIRFETCHD,45,SWORDS_DANCE
15,SIRFETCHD,50,STRENGTH
15,SIRFETCHD,55,LEAF_BLADE
15,SIRFETCHD,65,DRILL_PECK
15,SIRFETCHD,70,CROSS_CHOP
16,YUNGOOS,1,TACKLE
16,YUNGOOS,3,LEER
16,YUNGOOS,7,PURSUIT
16,YUNGOOS,10,SMOKESCREEN
16,YUNGOOS,16,BIDE
16,YUNGOOS,19,BITE
16,YUNGOOS,22,MUD_SLAP
16,YUNGOOS,25,SUPER_FANG
16,YUNGOOS,28,TAKE_DOWN
16,YUNGOOS,31,SCARY_FACE
16,YUNGOOS,34,CRUNCH
16,YUNGOOS,37,HYPER_FANG
16,YUNGOOS,40,HYPNOSIS
16,YUNGOOS,43,THRASH
16,YUNGOOS,46,REST
17,GUMSHOOS,1,TACKLE
17,GUMSHOOS,1,PURSUIT
17,GUMSHOOS,1,BIDE
17,GUMSHOOS,1,BITE
17,GUMSHOOS,23,MUD_SLAP
17,GUMSHOOS,27,SUPER_FANG
17,GUMSHOOS,31,TAKE_DOWN
17,GUMSHOOS,35,SCARY_FACE
17,GUMSHOOS,39,CRUNCH
17,GUMSHOOS,43,HYPER_FANG
17,GUMSHOOS,47,HYPNOSIS
17,GUMSHOOS,51,THRASH
17,GUMSHOOS,55,REST
18,WOOLOO,1,GROWL
18,WOOLOO,1,TACKLE
18,WOOLOO,4,DEFENSE_CURL
18,WOOLOO,8,MIRROR_MOVE
18,WOOLOO,12,SAFEGUARD
18,WOOLOO,16,DOUBLE_KICK
18,WOOLOO,21,HEADBUTT
18,WOOLOO,25,TAKE_DOWN
18,WOOLOO,28,PSYCH_UP
18,WOOLOO,32,REVERSAL
18,WOOLOO,36,LIGHT_SCREEN
18,WOOLOO,40,DOUBLE_EDGE
19,DUBWOOL,1,MIRROR_MOVE
19,DUBWOOL,1,SAFEGUARD
19,DUBWOOL,1,DOUBLE_KICK
19,DUBWOOL,1,HEADBUTT
19,DUBWOOL,27,TAKE_DOWN
19,DUBWOOL,32,PSYCH_UP
19,DUBWOOL,38,REVERSAL
19,DUBWOOL,44,LIGHT_SCREEN
19,DUBWOOL,50,DOUBLE_EDGE
19,DUBWOOL,56,EXPLOSION
20,YAMPER,1,LEER
20,YAMPER,1,TACKLE
20,YAMPER,10,BITE
20,YAMPER,15,ROAR
20,YAMPER,20,SPARK
20,YAMPER,26,CHARM
20,YAMPER,30,CRUNCH
20,YAMPER,40,WILD_CHARGE
20,YAMPER,45,PLAY_ROUGH
21,BOLTUND,1,BITE
21,BOLTUND,1,TACKLE
21,BOLTUND,1,ROAR
21,BOLTUND,1,SPARK
21,BOLTUND,28,CHARM
21,BOLTUND,34,CRUNCH
21,BOLTUND,48,WILD_CHARGE
21,BOLTUND,55,PLAY_ROUGH
21,BOLTUND,62,ZAP_CANNON
22,EMOLGA,3,THUNDERSHOCK
22,EMOLGA,4,QUICK_ATTACK
22,EMOLGA,6,LEER
22,EMOLGA,15,SPARK
22,EMOLGA,16,PURSUIT
22,EMOLGA,17,DOUBLE_TEAM
22,EMOLGA,22,SHOCK_WAVE
22,EMOLGA,29,AERIAL_ACE
22,EMOLGA,35,LIGHT_SCREEN
22,EMOLGA,37,ENCORE
22,EMOLGA,47,AGILITY
23,GRUBBIN,1,HORN_ATTACK
23,GRUBBIN,4,STRING_SHOT
23,GRUBBIN,5,MUD_SLAP
23,GRUBBIN,11,BITE
23,GRUBBIN,12,STRUGGLE_BUG
23,GRUBBIN,17,SPARK
23,GRUBBIN,19,AERIAL_ACE
23,GRUBBIN,24,CRUNCH
23,GRUBBIN,25,MEAN_LOOK
23,GRUBBIN,26,X_SCISSOR
23,GRUBBIN,32,DIG
24,CHARJABUG,1,MUD_SLAP
24,CHARJABUG,1,BITE
24,CHARJABUG,1,STRUGGLE_BUG
24,CHARJABUG,1,SPARK
24,CHARJABUG,29,MEAN_LOOK
24,CHARJABUG,31,CRUNCH
24,CHARJABUG,32,X_SCISSOR
24,CHARJABUG,41,DIG
24,CHARJABUG,50,SHOCK_WAVE
25,VIKAVOLT,1,AIR_SLASH
25,VIKAVOLT,1,THUNDERBOLT
25,VIKAVOLT,1,X_SCISSOR
25,VIKAVOLT,1,BITE
25,VIKAVOLT,25,DIG
25,VIKAVOLT,31,MEGAHORN
25,VIKAVOLT,32,BUG_BUZZ
25,VIKAVOLT,48,ZAP_CANNON
25,VIKAVOLT,50,FLY
26,BLIPBUG,1,STRUGGLE_BUG
26,BLIPBUG,6,REFLECT
27,DOTTLER,1,CONFUSION
27,DOTTLER,1,REFLECT
27,DOTTLER,1,STRUGGLE_BUG
27,BLIPBUG,9,CONFUSION
27,DOTTLER,10,LIGHT_SCREEN
28,ORBEETLE,1,CONFUSE_RAY
28,ORBEETLE,1,SAFEGUARD
28,ORBEETLE,1,PSYBEAM
28,ORBEETLE,1,BUG_BUZZ
28,DOTTLER,12,AGILITY
28,DOTTLER,16,PSYBEAM
28,DOTTLER,20,HYPNOSIS
28,DOTTLER,28,BUG_BUZZ
28,ORBEETLE,32,MIRROR_COAT
28,ORBEETLE,36,PSYCHIC_M
28,ORBEETLE,44,CALM_MIND
29,SIZZLIPEDE,1,EMBER
29,SIZZLIPEDE,1,SMOKESCREEN
29,SIZZLIPEDE,5,WRAP
29,SIZZLIPEDE,10,BITE
29,SIZZLIPEDE,15,FLAME_WHEEL
29,SIZZLIPEDE,20,STRUGGLE_BUG
29,SIZZLIPEDE,25,BARRIER
29,SIZZLIPEDE,30,STRENGTH
29,SIZZLIPEDE,35,FIRE_SPIN
29,SIZZLIPEDE,40,CRUNCH
29,SIZZLIPEDE,45,FIRE_LASH
29,SIZZLIPEDE,50,X_SCISSOR
29,SIZZLIPEDE,55,FIRE_BLAST
30,CENTISKORCH,1,BITE
30,CENTISKORCH,1,FLAME_WHEEL
30,CENTISKORCH,1,STRUGGLE_BUG
30,CENTISKORCH,1,BARRIER
30,CENTISKORCH,32,STRENGTH
30,CENTISKORCH,39,FIRE_SPIN
30,CENTISKORCH,46,CRUNCH
30,CENTISKORCH,53,FIRE_LASH
30,CENTISKORCH,60,X_SCISSOR
30,CENTISKORCH,67,FIRE_BLAST
31,SNOM,1,POWDER_SNOW
31,SNOM,1,STRUGGLE_BUG
32,FROSMOTH,1,BATON_PASS
32,FROSMOTH,1,ICY_WIND
32,FROSMOTH,1,POWDER_SNOW
32,FROSMOTH,1,STRUGGLE_BUG
32,FROSMOTH,4,STUN_SPORE
32,FROSMOTH,12,MIST
32,FROSMOTH,21,CHARM
32,FROSMOTH,24,AURORA_BEAM
32,FROSMOTH,28,HAIL
32,FROSMOTH,32,BUG_BUZZ
32,FROSMOTH,36,LIGHT_SCREEN
32,FROSMOTH,40,BLIZZARD
32,FROSMOTH,44,AGILITY
32,FROSMOTH,48,PROTECT
33,ARON,1,TACKLE
33,ARON,2,DEFENSE_CURL
33,ARON,6,MUD_SLAP
33,ARON,9,HEADBUTT
33,ARON,11,BULLDOZE
33,ARON,12,METAL_CLAW
33,ARON,19,ROAR
33,ARON,23,BARRIER
33,ARON,24,ROCK_SLIDE
33,ARON,25,TAKE_DOWN
33,ARON,26,IRON_HEAD
33,ARON,28,PROTECT
33,ARON,34,IRON_TAIL
33,ARON,35,SCREECH
33,ARON,41,AGILITY
33,ARON,44,DOUBLE_EDGE
34,LAIRON,1,ROCK_SLIDE
34,LAIRON,1,TAKE_DOWN
34,LAIRON,1,PROTECT
34,LAIRON,1,IRON_HEAD
34,LAIRON,37,IRON_TAIL
34,LAIRON,38,SCREECH
34,LAIRON,46,AGILITY
34,LAIRON,52,DOUBLE_EDGE
35,AGGRON,1,ROCK_SLIDE
35,AGGRON,1,PROTECT
35,AGGRON,1,IRON_TAIL
35,AGGRON,1,SCREECH
35,AGGRON,50,AGILITY
35,AGGRON,60,DOUBLE_EDGE
36,NOIBAT,1,TACKLE
36,NOIBAT,2,SUPERSONIC
36,NOIBAT,3,LEECH_LIFE
36,NOIBAT,8,SCREECH
36,NOIBAT,9,GUST
36,NOIBAT,12,DOUBLE_TEAM
36,NOIBAT,14,BITE
36,NOIBAT,16,WING_ATTACK
36,NOIBAT,18,AGILITY
36,NOIBAT,23,AIR_CUTTER
36,NOIBAT,30,RECOVER
36,NOIBAT,31,AEROBLAST
36,NOIBAT,37,ROAR
36,NOIBAT,40,SUPER_FANG
36,NOIBAT,45,AIR_SLASH
37,NOIVERN,1,DRAGON_PULSE
37,NOIVERN,1,AEROBLAST
37,NOIVERN,1,AGILITY
37,NOIVERN,1,HYPER_VOICE
37,NOIVERN,49,AIR_SLASH
38,WOOBAT,1,CONFUSION
38,WOOBAT,7,GUST
38,WOOBAT,14,ZEN_HEADBUTT
38,WOOBAT,19,DISABLE
38,WOOBAT,20,AIR_CUTTER
38,WOOBAT,21,ATTRACT
38,WOOBAT,29,AMNESIA
38,WOOBAT,31,CALM_MIND
38,WOOBAT,32,AIR_SLASH
38,WOOBAT,38,FUTURE_SIGHT
38,WOOBAT,40,PSYCHIC_M
38,WOOBAT,41,PAIN_SPLIT
39,SWOOBAT,1,CONFUSION
39,SWOOBAT,4,GUST
39,SWOOBAT,7,ZEN_HEADBUTT
39,SWOOBAT,19,DISABLE
39,SWOOBAT,20,AIR_CUTTER
39,SWOOBAT,21,ATTRACT
39,SWOOBAT,29,AMNESIA
39,SWOOBAT,31,CALM_MIND
39,SWOOBAT,32,AIR_SLASH
39,SWOOBAT,38,FUTURE_SIGHT
39,SWOOBAT,40,PSYCHIC_M
39,SWOOBAT,41,PAIN_SPLIT
40,RALTS,1,GROWL
40,RALTS,5,CONFUSION
40,RALTS,8,DISRMNGVOICE
40,RALTS,9,DOUBLE_TEAM
40,RALTS,12,TELEPORT
40,RALTS,18,PSYBEAM
40,RALTS,19,MAGICAL_LEAF
40,RALTS,21,RECOVER
40,RALTS,23,CALM_MIND
40,RALTS,28,PSYCHIC_M
40,RALTS,31,DISABLE
40,RALTS,35,FUTURE_SIGHT
40,RALTS,37,CHARM
41,KIRLIA,1,CONFUSION
41,KIRLIA,1,DOUBLE_TEAM
41,KIRLIA,1,DISRMNGVOICE
41,KIRLIA,1,MAGICAL_LEAF
41,KIRLIA,20,PSYBEAM
41,KIRLIA,25,CALM_MIND
41,KIRLIA,27,RECOVER
41,KIRLIA,30,PSYCHIC_M
41,KIRLIA,34,DISABLE
41,KIRLIA,41,FUTURE_SIGHT
41,KIRLIA,43,CHARM
42,GARDEVOIR,1,DISRMNGVOICE
42,GARDEVOIR,1,PSYBEAM
42,GARDEVOIR,1,MAGICAL_LEAF
42,GARDEVOIR,1,CALM_MIND
42,GARDEVOIR,30,MOONBLAST
42,GARDEVOIR,32,PSYCHIC_M
42,GARDEVOIR,37,DISABLE
42,GARDEVOIR,45,FUTURE_SIGHT
42,GARDEVOIR,52,MEAN_LOOK
43,GALLADE,1,LEAF_BLADE
43,GALLADE,1,NIGHT_SLASH
43,GALLADE,1,SLASH
43,GALLADE,1,AERIAL_ACE
43,GALLADE,22,REFLECT
43,GALLADE,25,RECOVER
43,GALLADE,28,SWORDS_DANCE
43,GALLADE,31,PROTECT
43,GALLADE,32,BATON_PASS
43,GALLADE,33,ZEN_HEADBUTT
43,GALLADE,38,PURSUIT
43,GALLADE,40,SUBMISSION
43,GALLADE,44,FALSE_SWIPE
44,HATENNA,1,CHARM
44,HATENNA,1,CONFUSION
44,HATENNA,1,RECOVER
44,HATENNA,10,DISRMNGVOICE
44,HATENNA,15,HEAL_BELL
44,HATENNA,20,PSYBEAM
44,HATENNA,25,AGILITY
44,HATENNA,30,DAZZLE_BEAM
44,HATENNA,35,CALM_MIND
44,HATENNA,40,PSYCHIC_M
44,HATENNA,45,BATON_PASS
44,HATENNA,50,MOONBLAST
45,HATTREM,1,DISRMNGVOICE
45,HATTREM,1,PSYBEAM
45,HATTREM,1,AGILITY
45,HATTREM,1,DAZZLE_BEAM
45,HATTREM,35,CALM_MIND
45,HATTREM,40,PSYCHIC_M
45,HATTREM,45,BATON_PASS
45,HATTREM,50,MOONBLAST
46,HATTERENE,1,RECOVER
46,HATTERENE,1,DAZZLE_BEAM
46,HATTERENE,1,CALM_MIND
46,HATTERENE,1,PSYCHIC_M
46,HATTERENE,45,BATON_PASS
46,HATTERENE,50,MOONBLAST
47,ZIGZAGOON,1,GROWL
47,ZIGZAGOON,1,TACKLE
47,ZIGZAGOON,5,LEER
47,ZIGZAGOON,9,HEADBUTT
47,ZIGZAGOON,11,SMOKESCREEN
47,ZIGZAGOON,12,CHARM
47,ZIGZAGOON,20,MUD_SLAP
47,ZIGZAGOON,23,TWINEEDLE
47,ZIGZAGOON,26,THIEF
47,ZIGZAGOON,29,TAKE_DOWN
47,ZIGZAGOON,32,FLAIL
47,ZIGZAGOON,35,REST
47,ZIGZAGOON,36,DOUBLE_EDGE
47,ZIGZAGOON,40,BELLY_DRUM
48,LINOONE,1,PLAY_ROUGH
48,LINOONE,1,TWINEEDLE
48,LINOONE,1,HEADBUTT
48,LINOONE,1,HONE_CLAWS
48,LINOONE,21,MUD_SLAP
48,LINOONE,26,FURY_STRIKES
48,LINOONE,28,TAKE_DOWN
48,LINOONE,31,THIEF
48,LINOONE,35,SLASH
48,LINOONE,37,FLAIL
48,LINOONE,38,DOUBLE_EDGE
48,LINOONE,45,REST
48,LINOONE,51,BELLY_DRUM
49,OBSTAGOON,1,CHARM
49,OBSTAGOON,1,LEER
49,OBSTAGOON,1,NIGHT_SLASH
49,OBSTAGOON,1,SUBMISSION
49,OBSTAGOON,35,SCARY_FACE
49,OBSTAGOON,42,COUNTER
49,OBSTAGOON,49,ENCORE
49,OBSTAGOON,56,DOUBLE_EDGE
50,MUDBRAY,1,TACKLE
50,MUDBRAY,4,ROCK_SMASH
50,MUDBRAY,8,MUD_SLAP
50,MUDBRAY,10,BULLDOZE
50,MUDBRAY,12,DOUBLE_KICK
50,MUDBRAY,16,STOMP
50,MUDBRAY,20,BARRIER
50,MUDBRAY,22,BIDE
50,MUDBRAY,23,STRENGTH
50,MUDBRAY,31,IRON_HEAD
50,MUDBRAY,32,COUNTER
50,MUDBRAY,37,EARTHQUAKE
50,MUDBRAY,42,HI_JUMP_KICK
50,MUDBRAY,44,CROSS_CHOP
51,MUDSDALE,1,MUD_SLAP
51,MUDSDALE,1,ROCK_SMASH
51,MUDSDALE,1,BULLDOZE
51,MUDSDALE,1,DOUBLE_KICK
51,MUDSDALE,34,IRON_HEAD
51,MUDSDALE,36,COUNTER
51,MUDSDALE,44,EARTHQUAKE
51,MUDSDALE,52,HI_JUMP_KICK
51,MUDSDALE,57,CROSS_CHOP
52,DEERLING,1,TACKLE
52,DEERLING,4,GROWL
52,DEERLING,7,SMOKESCREEN
52,DEERLING,10,DOUBLE_KICK
52,DEERLING,13,LEECH_SEED
52,DEERLING,16,FAINT_ATTACK
52,DEERLING,20,TAKE_DOWN
52,DEERLING,24,ROLLING_KICK
52,DEERLING,28,HEAL_BELL
52,DEERLING,32,ENERGY_BALL
52,DEERLING,36,ZEN_HEADBUTT
52,DEERLING,40,DOUBLE_EDGE
52,DEERLING,44,SOLARBEAM
53,SAWSBUCK,1,GIGA_DRAIN
53,SAWSBUCK,1,ROLLING_KICK
53,SAWSBUCK,1,ENERGY_BALL
53,SAWSBUCK,34,MEGAHORN
53,SAWSBUCK,38,ZEN_HEADBUTT
53,SAWSBUCK,52,DOUBLE_EDGE
53,SAWSBUCK,60,SOLARBEAM
54,ROCKRUFF,1,LEER
54,ROCKRUFF,1,TACKLE
54,ROCKRUFF,4,SMOKESCREEN
54,ROCKRUFF,8,DOUBLE_TEAM
54,ROCKRUFF,11,BITE
54,ROCKRUFF,14,ROCK_THROW
54,ROCKRUFF,23,BULLDOZE
54,ROCKRUFF,26,ROAR
54,ROCKRUFF,33,ROCK_SLIDE
54,ROCKRUFF,34,STONE_EDGE
54,ROCKRUFF,36,SCARY_FACE
54,ROCKRUFF,38,CRUNCH
55,LYCANROC_MIDDAY,1,DOUBLE_TEAM
55,LYCANROC_MIDDAY,1,PURSUIT
55,LYCANROC_MIDDAY,1,ROCK_THROW
55,LYCANROC_MIDDAY,2,SMOKESCREEN
55,LYCANROC_MIDDAY,7,BITE
55,LYCANROC_MIDDAY,23,BULLDOZE
55,LYCANROC_MIDDAY,27,ROAR
55,LYCANROC_MIDDAY,34,ROCK_SLIDE
55,LYCANROC_MIDDAY,37,STONE_EDGE
55,LYCANROC_MIDDAY,40,SCARY_FACE
55,LYCANROC_MIDDAY,41,CRUNCH
56,LYCANROC_DUSK,1,DOUBLE_TEAM
56,LYCANROC_DUSK,1,METAL_CLAW
56,LYCANROC_DUSK,1,ROCK_THROW
56,LYCANROC_DUSK,1,THRASH
56,LYCANROC_DUSK,2,SMOKESCREEN
56,LYCANROC_DUSK,9,BITE
56,LYCANROC_DUSK,23,BULLDOZE
56,LYCANROC_DUSK,28,ROAR
56,LYCANROC_DUSK,35,ROCK_SLIDE
56,LYCANROC_DUSK,40,CRUNCH
56,LYCANROC_DUSK,41,STONE_EDGE
56,LYCANROC_DUSK,42,SCARY_FACE
57,LYCANROC_MIDNIGHT,1,DOUBLE_TEAM
57,LYCANROC_MIDNIGHT,2,SMOKESCREEN
57,LYCANROC_MIDNIGHT,7,BITE
57,LYCANROC_MIDNIGHT,14,ROCK_THROW
57,LYCANROC_MIDNIGHT,23,BULLDOZE
57,LYCANROC_MIDNIGHT,27,ROAR
57,LYCANROC_MIDNIGHT,34,ROCK_SLIDE
57,LYCANROC_MIDNIGHT,37,STONE_EDGE
57,LYCANROC_MIDNIGHT,40,SCARY_FACE
57,LYCANROC_MIDNIGHT,41,CRUNCH
58,BARBOACH,1,MUD_SLAP
58,BARBOACH,6,WATER_GUN
58,BARBOACH,13,MUD_BOMB
58,BARBOACH,18,AMNESIA
58,BARBOACH,19,WATER_PULSE
58,BARBOACH,21,MAGNITUDE
58,BARBOACH,25,REST
58,BARBOACH,26,SNORE
58,BARBOACH,31,WATERFALL
58,BARBOACH,34,SCALD
58,BARBOACH,36,EARTHQUAKE
58,BARBOACH,39,FUTURE_SIGHT
58,BARBOACH,44,FISSURE
59,WHISCASH,1,MUD_BOMB
59,WHISCASH,1,WATER_PULSE
59,WHISCASH,1,REST
59,WHISCASH,1,SNORE
59,WHISCASH,34,WATERFALL
59,WHISCASH,37,SCALD
59,WHISCASH,39,EARTHQUAKE
59,WHISCASH,47,FUTURE_SIGHT
59,WHISCASH,55,FISSURE
60,GASTLY,1,LICK
60,GASTLY,1,SMOG
60,GASTLY,3,HYPNOSIS
60,GASTLY,6,SPITE
60,GASTLY,7,POISON_GAS
60,GASTLY,12,MEAN_LOOK
60,GASTLY,14,CURSE
60,GASTLY,16,SINGE
60,GASTLY,20,NIGHT_SHADE
60,GASTLY,24,CONFUSE_RAY
60,GASTLY,28,TOXIC
60,GASTLY,30,SHADOW_BALL
60,GASTLY,34,DREAM_EATER
60,GASTLY,36,DARK_PULSE
60,GASTLY,38,DESTINY_BOND
60,GASTLY,40,OMINOUS_WIND
61,HAUNTER,1,SINGE
61,HAUNTER,1,NIGHT_SHADE
61,HAUNTER,1,CONFUSE_RAY
61,HAUNTER,1,TOXIC
61,HAUNTER,26,PURSUIT
61,HAUNTER,27,SHADOW_CLAW
61,HAUNTER,35,SHADOW_BALL
61,HAUNTER,39,DREAM_EATER
61,HAUNTER,43,DARK_PULSE
61,HAUNTER,48,DESTINY_BOND
61,HAUNTER,50,OMINOUS_WIND
62,GENGAR,1,CURSE
62,GENGAR,1,NIGHT_SHADE
62,GENGAR,1,SHADOW_CLAW
62,GENGAR,1,CONFUSE_RAY
62,GENGAR,21,TOXIC
62,GENGAR,26,PURSUIT
62,GENGAR,35,SHADOW_BALL
62,GENGAR,39,DREAM_EATER
62,GENGAR,43,DARK_PULSE
62,GENGAR,48,DESTINY_BOND
62,GENGAR,50,OMINOUS_WIND
63,MEGA_GENGAR,1,CONFUSE_RAY
63,MEGA_GENGAR,1,TOXIC
63,MEGA_GENGAR,1,SHADOW_BALL
63,MEGA_GENGAR,1,DARK_PULSE
64,UNOWN,1,HIDDEN_POWER
65,DWEBBLE,1,FURY_CUTTER
65,DWEBBLE,6,DEFENSE_CURL
65,DWEBBLE,8,ROCK_BLAST
65,DWEBBLE,9,SMOKESCREEN
65,UNOWN,36,GLITCH_M
65,DWEBBLE,13,FAINT_ATTACK
65,DWEBBLE,21,STRUGGLE_BUG
65,DWEBBLE,22,AGILITY
65,DWEBBLE,28,ROCK_SLIDE
65,DWEBBLE,29,SLASH
65,DWEBBLE,35,X_SCISSOR
65,DWEBBLE,37,FLAIL
65,DWEBBLE,38,DRAGON_DANCE
65,DWEBBLE,43,STONE_EDGE
66,CRUSTLE,1,ROCK_BLAST
66,CRUSTLE,1,DRAGON_DANCE
66,CRUSTLE,1,ROCK_SLIDE
66,CRUSTLE,1,SLASH
66,UNOWN,18,TRI_ATTACK
66,CRUSTLE,38,X_SCISSOR
66,CRUSTLE,45,FLAIL
66,CRUSTLE,55,STONE_EDGE
67,LOTAD,1,ASTONISH
67,LOTAD,2,GROWL
67,LOTAD,5,LEECH_LIFE
67,LOTAD,6,WATER_GUN
67,LOTAD,9,BUBBLE
67,LOTAD,13,TRI_ATTACK
67,LOTAD,14,HIDDEN_POWER
67,LOTAD,16,FLAIL
67,LOTAD,23,BUBBLEBEAM
67,LOTAD,26,MEGA_DRAIN
67,LOTAD,29,GIGA_DRAIN
67,LOTAD,31,ZEN_HEADBUTT
67,LOTAD,32,RAIN_DANCE
67,UNOWN,36,GRAVE_SMASH
67,LOTAD,41,ENERGY_BALL
68,LOMBRE,1,LEECH_LIFE
68,LOMBRE,1,BUBBLE
68,LOMBRE,1,MEGA_DRAIN
68,LOMBRE,14,TRI_ATTACK
68,LOMBRE,17,FURY_STRIKES
68,LOMBRE,24,BUBBLEBEAM
68,LOMBRE,27,THIEF
68,LOMBRE,35,ZEN_HEADBUTT
68,LOMBRE,36,GIGA_DRAIN
68,LOMBRE,37,HYPER_VOICE
68,LOMBRE,43,RAIN_DANCE
68,LOMBRE,47,HYDRO_PUMP
68,LOMBRE,57,ENERGY_BALL
69,LUDICOLO,1,ENERGY_BALL
69,LUDICOLO,1,GIGA_DRAIN
69,LUDICOLO,1,HYDRO_PUMP
69,LUDICOLO,1,RAIN_DANCE
70,HOPPIP,1,LEECH_LIFE
70,HOPPIP,1,SPLASH
70,HOPPIP,4,RECOVER
70,HOPPIP,9,TACKLE
70,HOPPIP,10,FAIRY_WIND
70,HOPPIP,12,POISON_GAS
70,HOPPIP,14,STUN_SPORE
70,HOPPIP,16,SLEEP_POWDER
70,HOPPIP,19,SEED_BOMB
70,HOPPIP,21,LEECH_SEED
70,HOPPIP,27,MEGA_DRAIN
70,HOPPIP,28,AERIAL_ACE
70,HOPPIP,31,POISONPOWDER
70,HOPPIP,35,THUNDERPUNCH
70,HOPPIP,38,HEAL_BELL
71,SKIPLOOM,1,RECOVER
71,SKIPLOOM,1,FAIRY_WIND
71,SKIPLOOM,1,POISON_GAS
71,SKIPLOOM,1,SLEEP_POWDER
71,SKIPLOOM,20,SEED_BOMB
71,SKIPLOOM,23,LEECH_SEED
71,SKIPLOOM,31,MEGA_DRAIN
71,SKIPLOOM,32,AERIAL_ACE
71,SKIPLOOM,36,POISONPOWDER
71,SKIPLOOM,41,THUNDERPUNCH
71,SKIPLOOM,45,HEAL_BELL
71,SKIPLOOM,49,GIGA_DRAIN
71,SKIPLOOM,57,EXPLOSION
72,JUMPLUFF,1,FAIRY_WIND
72,JUMPLUFF,1,STUN_SPORE
72,JUMPLUFF,1,SLEEP_POWDER
72,JUMPLUFF,1,SEED_BOMB
72,JUMPLUFF,34,AERIAL_ACE
72,JUMPLUFF,35,MEGA_DRAIN
72,JUMPLUFF,39,POISONPOWDER
72,JUMPLUFF,44,THUNDERPUNCH
72,JUMPLUFF,49,HEAL_BELL
72,JUMPLUFF,54,GIGA_DRAIN
72,JUMPLUFF,63,EXPLOSION
73,MORELULL,1,LEECH_LIFE
73,MORELULL,3,ASTONISH
73,MORELULL,8,FLASH
73,MORELULL,14,MEGA_DRAIN
73,MORELULL,16,SLEEP_POWDER
73,MORELULL,17,RECOVER
73,MORELULL,18,CONFUSE_RAY
73,MORELULL,28,GIGA_DRAIN
73,MORELULL,32,DAZZLE_BEAM
73,MORELULL,36,SPORE
73,MORELULL,39,MOONBLAST
73,MORELULL,43,DREAM_EATER
74,SHIINOTIC,1,RECOVER
74,SHIINOTIC,1,MEGA_DRAIN
74,SHIINOTIC,1,CONFUSE_RAY
74,SHIINOTIC,1,SLEEP_POWDER
74,SHIINOTIC,31,GIGA_DRAIN
74,SHIINOTIC,38,DAZZLE_BEAM
74,SHIINOTIC,41,SPORE
74,SHIINOTIC,46,MOONBLAST
74,SHIINOTIC,51,DREAM_EATER
75,ALOMOMOLA,1,CHARM
75,ALOMOMOLA,1,TACKLE
75,ALOMOMOLA,9,AQUA_JET
75,ALOMOMOLA,13,FURY_STRIKES
75,ALOMOMOLA,25,WATER_PULSE
75,ALOMOMOLA,33,PROTECT
75,ALOMOMOLA,34,RECOVER
75,ALOMOMOLA,37,HYDRO_PUMP
75,ALOMOMOLA,38,BATON_PASS
75,ALOMOMOLA,45,SAFEGUARD
75,ALOMOMOLA,49,WHIRLPOOL
76,SPHEAL,1,DEFENSE_CURL
76,SPHEAL,1,GROWL
76,SPHEAL,1,POWDER_SNOW
76,SPHEAL,1,WATER_GUN
76,SPHEAL,4,ROLLOUT
76,SPHEAL,9,ENCORE
76,SPHEAL,13,ICICLE_CRASH
76,SPHEAL,18,WATER_PULSE
76,SPHEAL,21,BODY_SLAM
76,SPHEAL,24,AURORA_BEAM
76,SPHEAL,33,HAIL
76,SPHEAL,34,REST
76,SPHEAL,35,SNORE
76,SPHEAL,40,SURF
76,SPHEAL,42,BLIZZARD
77,SEALEO,1,ICICLE_CRASH
77,SEALEO,1,WATER_PULSE
77,SEALEO,1,BODY_SLAM
77,SEALEO,1,AURORA_BEAM
77,SEALEO,34,HAIL
77,SEALEO,35,REST
77,SEALEO,36,SNORE
77,SEALEO,46,SURF
77,SEALEO,48,BLIZZARD
78,WALREIN,1,ICICLE_CRASH
78,WALREIN,1,HAIL
78,WALREIN,1,REST
78,WALREIN,1,SNORE
78,WALREIN,48,SURF
78,WALREIN,51,BLIZZARD
79,DEWPIDER,1,BUBBLE
79,DEWPIDER,1,WATER_GUN
79,DEWPIDER,3,BUG_BUZZ
79,DEWPIDER,8,MEAN_LOOK
79,DEWPIDER,10,STRUGGLE_BUG
79,DEWPIDER,14,BUBBLEBEAM
79,DEWPIDER,16,BITE
79,DEWPIDER,20,HEADBUTT
79,DEWPIDER,21,RECOVER
79,DEWPIDER,29,CRUNCH
79,DEWPIDER,34,LEECH_LIFE
79,DEWPIDER,42,MIRROR_COAT
79,DEWPIDER,43,SCALD
80,ARAQUANID,1,BUG_BUZZ
80,ARAQUANID,1,MEAN_LOOK
80,ARAQUANID,1,BUBBLEBEAM
80,ARAQUANID,1,HEADBUTT
80,ARAQUANID,22,RECOVER
80,ARAQUANID,26,BITE
80,ARAQUANID,34,CRUNCH
80,ARAQUANID,40,LEECH_LIFE
80,ARAQUANID,44,STRUGGLE_BUG
80,ARAQUANID,54,MIRROR_COAT
80,ARAQUANID,56,SCALD
81,MAREANIE,1,POISON_STING
81,MAREANIE,3,PECK
81,MAREANIE,9,BITE
81,MAREANIE,13,PROTECT
81,MAREANIE,18,SPIKES
81,MAREANIE,21,SLUDGE_BOMB
81,MAREANIE,28,RECOVER
81,MAREANIE,29,FURY_STRIKES
81,MAREANIE,30,TOXIC
81,MAREANIE,38,TWINEEDLE
81,MAREANIE,39,POISON_JAB
81,MAREANIE,44,SCALD
82,TOXAPEX,1,SLUDGE_BOMB
82,TOXAPEX,1,RECOVER
82,TOXAPEX,1,FURY_STRIKES
82,TOXAPEX,1,TOXIC
82,TOXAPEX,41,POISON_JAB
82,TOXAPEX,42,TWINEEDLE
82,TOXAPEX,50,SCALD
83,BELDUM,1,TAKE_DOWN
83,BELDUM,8,CONFUSION
83,BELDUM,10,METAL_CLAW
83,BELDUM,17,PURSUIT
83,BELDUM,18,FLASH_CANNON
84,METANG,1,CONFUSION
84,METANG,1,METAL_CLAW
84,METANG,1,PURSUIT
84,METANG,1,FLASH_CANNON
84,METANG,27,BULLET_PUNCH
84,METANG,29,SCARY_FACE
84,METANG,36,ZEN_HEADBUTT
84,METANG,37,PSYCHIC_M
84,METANG,44,BARRIER
84,METANG,47,IRON_HEAD
84,METANG,48,AGILITY
84,METANG,57,HYPER_BEAM
85,METAGROSS,1,CROSS_CHOP
85,METAGROSS,1,BULLET_PUNCH
85,METAGROSS,1,PSYCHIC_M
85,METAGROSS,1,ZEN_HEADBUTT
85,METAGROSS,46,BARRIER
85,METAGROSS,50,IRON_HEAD
85,METAGROSS,51,AGILITY
85,METAGROSS,70,HYPER_BEAM
86,LARVESTA,1,EMBER
86,LARVESTA,1,STRING_SHOT
86,LARVESTA,8,LEECH_LIFE
86,LARVESTA,12,STRUGGLE_BUG
86,LARVESTA,18,FLAME_WHEEL
86,LARVESTA,24,TAKE_DOWN
86,LARVESTA,36,FLAMETHROWER
86,LARVESTA,42,BUG_BUZZ
86,LARVESTA,54,AMNESIA
86,LARVESTA,60,THRASH
86,LARVESTA,62,DOUBLE_EDGE
86,LARVESTA,66,FIRE_LASH
87,VOLCARONA,1,FLAME_WHEEL
87,VOLCARONA,1,FLAMETHROWER
87,VOLCARONA,1,BUG_BUZZ
87,VOLCARONA,1,AMNESIA
87,VOLCARONA,62,THRASH
87,VOLCARONA,66,FIRE_BLAST
87,VOLCARONA,70,FIRE_LASH
88,SHROOMISH,1,LEECH_LIFE
88,SHROOMISH,3,TACKLE
88,SHROOMISH,7,STUN_SPORE
88,SHROOMISH,10,LEECH_SEED
88,SHROOMISH,15,MEGA_DRAIN
88,SHROOMISH,20,HEADBUTT
88,SHROOMISH,24,POISON_GAS
88,SHROOMISH,26,HEAL_BELL
88,SHROOMISH,33,GROWTH
88,SHROOMISH,34,TOXIC
88,SHROOMISH,37,GIGA_DRAIN
88,SHROOMISH,39,SEED_BOMB
88,SHROOMISH,47,SPORE
89,BRELOOM,1,MEGA_DRAIN
89,BRELOOM,1,MACH_PUNCH
89,BRELOOM,1,PURSUIT
89,BRELOOM,1,HEADBUTT
89,BRELOOM,25,COUNTER
89,BRELOOM,28,DRAIN_PUNCH
89,BRELOOM,35,VITAL_THROW
89,BRELOOM,42,SEED_BOMB
89,BRELOOM,49,DYNAMICPUNCH
90,MUNNA,1,DEFENSE_CURL
90,MUNNA,1,PSYWAVE
90,MUNNA,9,HYPNOSIS
90,MUNNA,10,CONFUSION
90,MUNNA,12,DISABLE
90,MUNNA,16,RECOVER
90,MUNNA,20,SAFEGUARD
90,MUNNA,23,ZEN_HEADBUTT
90,MUNNA,28,PSYBEAM
90,MUNNA,29,DREAM_EATER
90,MUNNA,33,FUTURE_SIGHT
90,MUNNA,34,CALM_MIND
90,MUNNA,36,PSYCHIC_M
90,MUNNA,40,MOONBLAST
91,MUSHARNA,1,DREAM_EATER
91,MUSHARNA,1,HYPNOSIS
91,MUSHARNA,1,MOONBLAST
91,MUSHARNA,1,PSYCHIC_M
92,SOLOSIS,1,CONFUSION
92,SOLOSIS,1,PROTECT
92,SOLOSIS,1,PSYWAVE
92,SOLOSIS,6,REFLECT
92,SOLOSIS,7,ROLLOUT
92,SOLOSIS,10,THIEF
92,SOLOSIS,14,HIDDEN_POWER
92,SOLOSIS,17,LIGHT_SCREEN
92,SOLOSIS,18,CHARM
92,SOLOSIS,21,RECOVER
92,SOLOSIS,24,PSYBEAM
92,SOLOSIS,25,PAIN_SPLIT
92,SOLOSIS,32,FUTURE_SIGHT
92,SOLOSIS,36,PSYCHIC_M
93,DUOSION,1,LIGHT_SCREEN
93,DUOSION,1,CHARM
93,DUOSION,1,RECOVER
93,DUOSION,1,PSYBEAM
93,DUOSION,33,FUTURE_SIGHT
93,DUOSION,34,PAIN_SPLIT
93,DUOSION,39,PSYCHIC_M
94,REUNICLUS,1,HIDDEN_POWER
94,REUNICLUS,1,RECOVER
94,REUNICLUS,1,FUTURE_SIGHT
94,REUNICLUS,1,PSYCHIC_M
95,DITTO,1,TRANSFORM
96,TRUBBISH,1,POISON_GAS
96,TRUBBISH,1,TACKLE
96,TRUBBISH,8,SPIKES
96,TRUBBISH,11,ACID
96,TRUBBISH,14,FURY_STRIKES
96,TRUBBISH,18,SLUDGE
96,TRUBBISH,22,RECOVER
96,TRUBBISH,24,TAKE_DOWN
96,TRUBBISH,28,SLUDGE_BOMB
96,TRUBBISH,34,AMNESIA
96,TRUBBISH,35,TOXIC
96,TRUBBISH,37,PAIN_SPLIT
96,TRUBBISH,44,GUNK_SHOT
96,TRUBBISH,46,EXPLOSION
97,GARBODOR,1,SLUDGE
97,GARBODOR,1,RECOVER
97,GARBODOR,1,BODY_SLAM
97,GARBODOR,1,SLUDGE_BOMB
97,GARBODOR,37,TOXIC
97,GARBODOR,39,PAIN_SPLIT
97,GARBODOR,40,AMNESIA
97,GARBODOR,52,GUNK_SHOT
97,GARBODOR,57,EXPLOSION
98,SALANDIT,1,FURY_STRIKES
98,SALANDIT,6,EMBER
98,SALANDIT,12,DRAGON_RAGE
98,SALANDIT,18,POISON_JAB
98,SALANDIT,29,NASTY_PLOT
98,SALANDIT,30,FIRE_SPIN
98,SALANDIT,36,SLUDGE_BOMB
98,SALANDIT,37,TOXIC
98,SALANDIT,43,FLAMETHROWER
98,SALANDIT,45,DRAGON_PULSE
98,SALANDIT,60,PAIN_SPLIT
99,SALAZZLE,1,POISON_JAB
99,SALAZZLE,1,FURY_STRIKES
99,SALAZZLE,1,NASTY_PLOT
99,SALAZZLE,1,FIRE_SPIN
99,SALAZZLE,38,SLUDGE_BOMB
99,SALAZZLE,41,TOXIC
99,SALAZZLE,48,FLAMETHROWER
99,SALAZZLE,52,DRAGON_PULSE
100,STUNKY,1,SCRATCH
100,STUNKY,2,FOCUS_ENERGY
100,STUNKY,3,POISON_GAS
100,STUNKY,8,SCREECH
100,STUNKY,10,FURY_STRIKES
100,STUNKY,13,SMOKESCREEN
100,STUNKY,15,PURSUIT
100,STUNKY,20,BITE
100,STUNKY,21,SLUDGE_BOMB
100,STUNKY,23,SLASH
100,STUNKY,25,ACID
100,STUNKY,26,TOXIC
100,STUNKY,34,NIGHT_SLASH
100,STUNKY,38,EXPLOSION
101,SKUNTANK,1,FLAMETHROWER
101,SKUNTANK,1,BITE
101,SKUNTANK,1,SLUDGE_BOMB
101,SKUNTANK,1,TOXIC
101,SKUNTANK,35,NIGHT_SLASH
101,SKUNTANK,42,EXPLOSION
102,GRENMAR,1,TACKLE
102,GRENMAR,3,GROWL
102,GRENMAR,5,SINGE
102,GRENMAR,7,WATER_GUN
102,GRENMAR,9,SMOKESCREEN
102,GRENMAR,11,HEADBUTT
102,GRENMAR,13,FLAME_WHEEL
102,GRENMAR,16,WATER_PULSE
102,GRENMAR,20,SCALD
102,GRENMAR,25,REST
102,GRENMAR,28,IRON_TAIL
102,GRENMAR,35,ZEN_HEADBUTT
102,GRENMAR,40,FLAMETHROWER
102,GRENMAR,45,HYDRO_PUMP
102,GRENMAR,47,FIRE_SPIN
103,YANMA,1,TACKLE
103,YANMA,6,QUICK_ATTACK
103,YANMA,11,SONICBOOM
103,YANMA,13,DOUBLE_TEAM
103,YANMA,16,STRUGGLE_BUG
103,YANMA,20,PROTECT
103,YANMA,23,PURSUIT
103,YANMA,26,SUPERSONIC
103,YANMA,30,HYPER_VOICE
103,YANMA,33,ANCIENTPOWER
103,YANMA,36,HYPNOSIS
103,YANMA,37,SWIFT
103,YANMA,42,WING_ATTACK
103,YANMA,54,AIR_SLASH
103,YANMA,57,BUG_BUZZ
104,YANMEGA,1,NIGHT_SLASH
104,YANMEGA,1,STRUGGLE_BUG
104,YANMEGA,1,SUPERSONIC
104,YANMEGA,1,HYPER_VOICE
104,YANMEGA,33,ANCIENTPOWER
104,YANMEGA,37,AIR_SLASH
104,YANMEGA,39,BUG_BUZZ
104,YANMEGA,42,SLASH
104,YANMEGA,48,DRAGON_PULSE
105,CHERUBI,1,RECOVER
105,CHERUBI,1,TACKLE
105,CHERUBI,5,RAZOR_LEAF
105,CHERUBI,7,GROWTH
105,CHERUBI,11,LEECH_SEED
105,CHERUBI,13,BATON_PASS
105,CHERUBI,19,MAGICAL_LEAF
105,CHERUBI,22,SUNNY_DAY
105,CHERUBI,29,HEAL_BELL
105,CHERUBI,30,TAKE_DOWN
105,CHERUBI,37,SOLARBEAM
105,CHERUBI,44,LEAF_BLADE
106,CHERRIM,1,GROWTH
106,CHERRIM,1,LEECH_SEED
106,CHERRIM,1,BATON_PASS
106,CHERRIM,1,MAGICAL_LEAF
106,CHERRIM,31,HEAL_BELL
106,CHERRIM,34,TAKE_DOWN
106,CHERRIM,44,SOLARBEAM
106,CHERRIM,48,LEAF_BLADE
107,BOUNSWEET,1,SPLASH
107,BOUNSWEET,4,CHARM
107,BOUNSWEET,8,RAPID_SPIN
107,BOUNSWEET,12,RAZOR_LEAF
107,BOUNSWEET,16,STUN_SPORE
107,BOUNSWEET,20,MAGICAL_LEAF
107,BOUNSWEET,26,SWEET_KISS
107,BOUNSWEET,27,FLAIL
107,BOUNSWEET,36,HEAL_BELL
108,STEENEE,1,FURY_STRIKES
108,STEENEE,1,RAPID_SPIN
108,STEENEE,1,RAZOR_LEAF
108,STEENEE,1,STUN_SPORE
108,STEENEE,21,MAGICAL_LEAF
108,STEENEE,28,STOMP
108,STEENEE,29,SWEET_KISS
108,STEENEE,37,MEAN_LOOK
108,STEENEE,42,HEAL_BELL
108,STEENEE,47,SOLARBEAM
109,TSAREENA,1,RAZOR_LEAF
109,TSAREENA,1,STUN_SPORE
109,TSAREENA,1,MAGICAL_LEAF
109,TSAREENA,1,POWER_WHIP
109,TSAREENA,28,STOMP
109,TSAREENA,29,SWEET_KISS
109,TSAREENA,37,MEAN_LOOK
109,TSAREENA,42,HEAL_BELL
109,TSAREENA,47,SOLARBEAM
109,TSAREENA,52,HI_JUMP_KICK
110,BOUFFALANT,1,TACKLE
110,BOUFFALANT,5,PURSUIT
110,BOUFFALANT,8,RAGE
110,BOUFFALANT,12,FURY_STRIKES
110,BOUFFALANT,17,HORN_ATTACK
110,BOUFFALANT,20,SCARY_FACE
110,BOUFFALANT,24,COUNTER
110,BOUFFALANT,31,FOCUS_ENERGY
110,BOUFFALANT,32,SUBMISSION
110,BOUFFALANT,35,ROLLING_KICK
110,BOUFFALANT,42,MEGAHORN
110,BOUFFALANT,43,REVERSAL
110,BOUFFALANT,50,THRASH
110,BOUFFALANT,54,SWORDS_DANCE
110,BOUFFALANT,60,GIGA_IMPACT
111,FOMANTIS,1,FURY_CUTTER
111,FOMANTIS,8,GROWTH
111,FOMANTIS,10,RAZOR_LEAF
111,FOMANTIS,27,RECOVER
111,FOMANTIS,28,LEAF_BLADE
111,FOMANTIS,29,SLASH
111,FOMANTIS,30,X_SCISSOR
111,FOMANTIS,31,STUN_SPORE
111,FOMANTIS,44,SOLARBEAM
111,FOMANTIS,45,SUNNY_DAY
112,LURANTIS,1,CROSS_CHOP
112,LURANTIS,1,X_SCISSOR
112,LURANTIS,1,SLASH
112,LURANTIS,1,LEAF_BLADE
112,LURANTIS,52,POWER_WHIP
112,LURANTIS,53,SUNNY_DAY
113,SCYTHER,1,QUICK_ATTACK
113,SCYTHER,2,LEER
113,SCYTHER,7,FOCUS_ENERGY
113,SCYTHER,10,PURSUIT
113,SCYTHER,14,FALSE_SWIPE
113,SCYTHER,22,AGILITY
113,SCYTHER,24,WING_ATTACK
113,SCYTHER,29,SLASH
113,SCYTHER,30,FURY_CUTTER
113,SCYTHER,32,AEROBLAST
113,SCYTHER,35,DOUBLE_TEAM
113,SCYTHER,41,X_SCISSOR
113,SCYTHER,45,NIGHT_SLASH
113,SCYTHER,46,DOUBLE_KICK
113,SCYTHER,47,SWORDS_DANCE
113,SCYTHER,49,AIR_SLASH
114,SCIZOR,1,AIR_SLASH
114,SCIZOR,1,BULLET_PUNCH
114,SCIZOR,1,WING_ATTACK
114,SCIZOR,10,PURSUIT
114,SCIZOR,13,FALSE_SWIPE
114,SCIZOR,18,AGILITY
114,SCIZOR,23,METAL_CLAW
114,SCIZOR,30,FURY_CUTTER
114,SCIZOR,32,SLASH
114,SCIZOR,33,AEROBLAST
114,SCIZOR,39,DOUBLE_TEAM
114,SCIZOR,40,X_SCISSOR
114,SCIZOR,45,NIGHT_SLASH
114,SCIZOR,46,DOUBLE_KICK
114,SCIZOR,48,SWORDS_DANCE
114,SCIZOR,50,IRON_HEAD
115,KLEAVOR,1,LEER
115,KLEAVOR,1,QUICK_ATTACK
115,KLEAVOR,4,FURY_CUTTER
115,KLEAVOR,8,FALSE_SWIPE
115,KLEAVOR,11,AERIAL_ACE
115,KLEAVOR,12,ROCK_THROW
115,KLEAVOR,16,DOUBLE_TEAM
115,KLEAVOR,20,DOUBLE_KICK
115,KLEAVOR,24,SLASH
115,KLEAVOR,28,FOCUS_ENERGY
115,KLEAVOR,32,AGILITY
115,KLEAVOR,36,ROCK_SLIDE
115,KLEAVOR,38,STONE_EDGE
115,KLEAVOR,40,X_SCISSOR
115,KLEAVOR,44,SWORDS_DANCE
115,KLEAVOR,48,CROSS_CHOP
116,HERACROSS,1,KARATE_CHOP
116,HERACROSS,1,SEED_BOMB
116,HERACROSS,4,HORN_ATTACK
116,HERACROSS,5,ENDURE
116,HERACROSS,11,AERIAL_ACE
116,HERACROSS,23,ROCK_SMASH
116,HERACROSS,24,COUNTER
116,HERACROSS,31,TWINEEDLE
116,HERACROSS,32,PURSUIT
116,HERACROSS,33,TAKE_DOWN
116,HERACROSS,40,SUBMISSION
116,HERACROSS,44,REVERSAL
116,HERACROSS,45,THRASH
116,HERACROSS,48,CROSS_CHOP
116,HERACROSS,50,MEGAHORN
116,HERACROSS,51,SWORDS_DANCE
117,KOFFING,1,POISON_GAS
117,KOFFING,1,TACKLE
117,KOFFING,5,SMOG
117,KOFFING,13,ZEN_HEADBUTT
117,KOFFING,17,SMOKESCREEN
117,KOFFING,21,SLUDGE
117,KOFFING,31,HAZE
117,KOFFING,33,TOXIC
117,KOFFING,34,STEEL_WING
117,KOFFING,37,SLUDGE_BOMB
117,KOFFING,44,DESTINY_BOND
117,KOFFING,48,EXPLOSION
118,WEEZING,1,FAIRY_WIND
118,WEEZING,1,POISON_GAS
118,WEEZING,1,PSYBEAM
118,WEEZING,1,SCREECH
118,WEEZING,3,SMOG
118,WEEZING,12,SMOKESCREEN
118,WEEZING,13,ZEN_HEADBUTT
118,WEEZING,17,DOUBLE_KICK
118,WEEZING,20,SLUDGE
118,WEEZING,32,HAZE
118,WEEZING,34,TOXIC
118,WEEZING,40,SLUDGE_BOMB
118,WEEZING,51,DESTINY_BOND
118,WEEZING,58,EXPLOSION
119,GRIMER,1,TACKLE
119,GRIMER,1,POISON_GAS
119,GRIMER,4,HARDEN
119,GRIMER,7,BITE
119,GRIMER,12,DISABLE
119,GRIMER,18,SLUDGE
119,GRIMER,19,MINIMIZE
119,GRIMER,24,THIEF
119,GRIMER,26,TOXIC
119,GRIMER,32,CRUNCH
119,GRIMER,38,SLUDGE_BOMB
119,GRIMER,40,BARRIER
119,GRIMER,43,GUNK_SHOT
119,GRIMER,50,EXPLOSION
120,MUK,1,CRUNCH
120,MUK,1,SLUDGE
120,MUK,1,SCREECH
120,MUK,1,TOXIC
120,MUK,41,SLUDGE_BOMB
120,MUK,43,BARRIER
120,MUK,48,GUNK_SHOT
120,MUK,60,EXPLOSION
121,ESPURR,1,LEER
121,ESPURR,1,SCRATCH
121,ESPURR,7,THIEF
121,ESPURR,9,CONFUSION
121,ESPURR,15,QUICK_ATTACK
121,ESPURR,16,LIGHT_SCREEN
121,ESPURR,17,PSYBEAM
121,ESPURR,18,DISRMNGVOICE
121,ESPURR,30,REFLECT
122,MEOWSTIC_M,1,LEER
122,MEOWSTIC_M,1,MEAN_LOOK
122,MEOWSTIC_M,1,SCRATCH
122,MEOWSTIC_M,3,BATON_PASS
122,MEOWSTIC_M,5,THIEF
122,MEOWSTIC_M,6,CONFUSION
122,MEOWSTIC_M,15,QUICK_ATTACK
122,MEOWSTIC_M,17,DISRMNGVOICE
122,MEOWSTIC_M,18,LIGHT_SCREEN
122,MEOWSTIC_M,25,CHARM
122,MEOWSTIC_M,27,PSYBEAM
122,MEOWSTIC_M,34,REFLECT
122,MEOWSTIC_M,42,PSYCHIC_M
122,MEOWSTIC_M,43,PURSUIT
122,MEOWSTIC_M,44,DISABLE
123,MEOWSTIC_F,1,LEER
123,MEOWSTIC_F,1,MAGICAL_LEAF
123,MEOWSTIC_F,1,SCRATCH
123,MEOWSTIC_F,5,THIEF
123,MEOWSTIC_F,6,CONFUSION
123,MEOWSTIC_F,15,QUICK_ATTACK
123,MEOWSTIC_F,17,DISRMNGVOICE
123,MEOWSTIC_F,18,LIGHT_SCREEN
123,MEOWSTIC_F,27,PSYBEAM
123,MEOWSTIC_F,33,REFLECT
123,MEOWSTIC_F,34,SHADOW_BALL
123,MEOWSTIC_F,36,EXTRASENSORY
123,MEOWSTIC_F,42,PSYCHIC_M
123,MEOWSTIC_F,43,PURSUIT
123,MEOWSTIC_F,45,SIGNAL_BEAM
123,MEOWSTIC_F,51,FUTURE_SIGHT
124,PURRLOIN,1,SCRATCH
124,PURRLOIN,2,GROWL
124,PURRLOIN,9,SMOKESCREEN
124,PURRLOIN,12,FURY_STRIKES
124,PURRLOIN,15,PURSUIT
124,PURRLOIN,18,QUICK_ATTACK
124,PURRLOIN,24,HONE_CLAWS
124,PURRLOIN,27,ZEN_HEADBUTT
124,PURRLOIN,30,SLASH
124,PURRLOIN,33,MEAN_LOOK
124,PURRLOIN,36,NIGHT_SLASH
124,PURRLOIN,39,THIEF
124,PURRLOIN,40,NASTY_PLOT
124,PURRLOIN,47,PLAY_ROUGH
125,LIEPARD,1,GROWL
125,LIEPARD,1,SCRATCH
125,LIEPARD,5,SMOKESCREEN
125,LIEPARD,12,FURY_STRIKES
125,LIEPARD,15,PURSUIT
125,LIEPARD,19,QUICK_ATTACK
125,LIEPARD,26,HONE_CLAWS
125,LIEPARD,29,ZEN_HEADBUTT
125,LIEPARD,34,SLASH
125,LIEPARD,38,ENCORE
125,LIEPARD,43,NIGHT_SLASH
125,LIEPARD,47,THIEF
125,LIEPARD,48,NASTY_PLOT
125,LIEPARD,56,PLAY_ROUGH
126,SKITTY,1,LEER
126,SKITTY,1,TACKLE
126,SKITTY,6,QUICK_ATTACK
126,SKITTY,8,ATTRACT
126,SKITTY,10,SING
126,SKITTY,13,DISRMNGVOICE
126,SKITTY,15,FURY_STRIKES
126,SKITTY,17,MIRROR_MOVE
126,SKITTY,24,CHARM
126,SKITTY,26,FAINT_ATTACK
126,SKITTY,33,THIEF
126,SKITTY,37,HEAL_BELL
126,SKITTY,40,DOUBLE_EDGE
126,SKITTY,44,MEAN_LOOK
126,SKITTY,46,PLAY_ROUGH
127,DELCATTY,1,ATTRACT
127,DELCATTY,1,FURY_STRIKES
127,DELCATTY,1,QUICK_ATTACK
127,DELCATTY,1,SING
128,LITLEO,1,TACKLE
128,LITLEO,5,EMBER
128,LITLEO,8,GROWTH
128,LITLEO,11,HEADBUTT
128,LITLEO,15,ROAR
128,LITLEO,20,TAKE_DOWN
128,LITLEO,23,FLAME_WHEEL
128,LITLEO,28,PAIN_SPLIT
128,LITLEO,36,FLAMETHROWER
128,LITLEO,39,CRUNCH
128,LITLEO,43,HYPER_VOICE
128,LITLEO,46,FIRE_SPIN
128,LITLEO,50,FIRE_BLAST
129,PYROAR,1,HYPER_BEAM
129,PYROAR,1,HEADBUTT
129,PYROAR,1,TAKE_DOWN
129,PYROAR,1,FLAME_WHEEL
129,PYROAR,38,FLAMETHROWER
129,PYROAR,42,CRUNCH
129,PYROAR,48,HYPER_VOICE
129,PYROAR,51,FIRE_SPIN
129,PYROAR,57,FIRE_BLAST
130,GROWLITHE,1,BITE
130,GROWLITHE,3,ROAR
130,GROWLITHE,7,EMBER
130,GROWLITHE,11,LEER
130,GROWLITHE,21,BATON_PASS
130,GROWLITHE,22,FLAME_WHEEL
130,GROWLITHE,24,REVERSAL
130,GROWLITHE,26,TAKE_DOWN
130,GROWLITHE,28,FLAMETHROWER
130,GROWLITHE,33,COUNTER
130,GROWLITHE,36,AGILITY
130,GROWLITHE,38,CRUNCH
130,GROWLITHE,39,OUTRAGE
130,GROWLITHE,41,PLAY_ROUGH
130,GROWLITHE,47,FIRE_LASH
131,ARCANINE,1,COUNTER
131,ARCANINE,1,CRUNCH
131,ARCANINE,1,FIRE_LASH
131,ARCANINE,1,TAKE_DOWN
131,ARCANINE,37,EXTREMESPEED
132,STANTLER,1,TACKLE
132,STANTLER,4,LEER
132,STANTLER,9,ASTONISH
132,STANTLER,13,HYPNOSIS
132,STANTLER,17,STOMP
132,STANTLER,21,CONFUSION
132,STANTLER,22,SMOKESCREEN
132,STANTLER,28,TAKE_DOWN
132,STANTLER,30,CONFUSE_RAY
132,STANTLER,34,CALM_MIND
132,STANTLER,38,ZEN_HEADBUTT
132,STANTLER,43,ROLLING_KICK
132,STANTLER,47,DISABLE
132,STANTLER,50,MEAN_LOOK
133,WYRDEER,1,CONFUSION
133,WYRDEER,1,STOMP
133,WYRDEER,1,CONFUSE_RAY
133,WYRDEER,1,CALM_MIND
133,WYRDEER,32,EXTRASENSORY
133,WYRDEER,37,ZEN_HEADBUTT
133,WYRDEER,40,DISABLE
133,WYRDEER,43,ROLLING_KICK
133,WYRDEER,45,MEAN_LOOK
133,WYRDEER,62,MEGAHORN
134,CHATOT,1,PECK
134,CHATOT,5,GROWL
134,CHATOT,9,MIRROR_MOVE
134,CHATOT,13,SING
134,CHATOT,16,ENCORE
134,CHATOT,17,FURY_STRIKES
134,CHATOT,29,ROLLOUT
134,CHATOT,37,HYPER_VOICE
134,CHATOT,38,RECOVER
134,CHATOT,47,CHARM
135,DRILBUR,1,SCRATCH
135,DRILBUR,4,RAPID_SPIN
135,DRILBUR,7,MUD_SLAP
135,DRILBUR,12,FURY_STRIKES
135,DRILBUR,15,METAL_CLAW
135,DRILBUR,19,DIG
135,DRILBUR,20,HONE_CLAWS
135,DRILBUR,26,SLASH
135,DRILBUR,28,ROCK_SLIDE
135,DRILBUR,34,EARTHQUAKE
135,DRILBUR,36,SWORDS_DANCE
135,DRILBUR,37,SANDSTORM
135,DRILBUR,47,FISSURE
136,EXCADRILL,1,DIG
136,EXCADRILL,1,METAL_CLAW
136,EXCADRILL,1,SLASH
136,EXCADRILL,1,ROCK_SLIDE
136,EXCADRILL,38,EARTHQUAKE
136,EXCADRILL,41,SWORDS_DANCE
136,EXCADRILL,44,SANDSTORM
136,EXCADRILL,61,FISSURE
137,MAKUHITA,1,FOCUS_ENERGY
137,MAKUHITA,1,TACKLE
137,MAKUHITA,4,SMOKESCREEN
137,MAKUHITA,8,KARATE_CHOP
137,MAKUHITA,13,VITAL_THROW
137,MAKUHITA,14,QUICK_ATTACK
137,MAKUHITA,18,ROAR
137,MAKUHITA,22,THIEF
137,MAKUHITA,29,BELLY_DRUM
137,MAKUHITA,36,SEISMIC_TOSS
137,MAKUHITA,38,ENDURE
137,MAKUHITA,40,SUBMISSION
137,MAKUHITA,45,REVERSAL
137,MAKUHITA,46,IRON_HEAD
138,HARIYAMA,1,KARATE_CHOP
138,HARIYAMA,1,VITAL_THROW
138,HARIYAMA,1,QUICK_ATTACK
138,HARIYAMA,1,THIEF
138,HARIYAMA,31,BELLY_DRUM
138,HARIYAMA,41,SEISMIC_TOSS
138,HARIYAMA,44,ENDURE
138,HARIYAMA,50,SUBMISSION
138,HARIYAMA,54,REVERSAL
138,HARIYAMA,58,IRON_HEAD
139,MEOWTH,1,GROWL
139,MEOWTH,1,SCRATCH
139,MEOWTH,8,BITE
139,MEOWTH,14,PAY_DAY
139,MEOWTH,16,METAL_CLAW
139,MEOWTH,19,QUICK_ATTACK
139,MEOWTH,22,FAINT_ATTACK
139,MEOWTH,23,ENCORE
139,MEOWTH,24,SCREECH
139,MEOWTH,26,FURY_STRIKES
139,MEOWTH,37,NASTY_PLOT
139,MEOWTH,38,SLASH
139,MEOWTH,39,PLAY_ROUGH
139,MEOWTH,40,ZEN_HEADBUTT
139,MEOWTH,43,PURSUIT
139,MEOWTH,46,MEAN_LOOK
139,MEOWTH,49,NIGHT_SLASH
140,PERRSERKER,1,HONE_CLAWS
140,PERRSERKER,1,IRON_HEAD
140,PERRSERKER,1,PAY_DAY
140,PERRSERKER,1,METAL_CLAW
140,PERRSERKER,31,FURY_STRIKES
140,PERRSERKER,36,SCREECH
140,PERRSERKER,42,SLASH
140,PERRSERKER,54,THRASH
141,WINGULL,1,GROWL
141,WINGULL,1,WATER_GUN
142,REGIMAGMA,1,EARTH_POWER
142,REGIMAGMA,1,FLAMETHROWER
142,REGIMAGMA,1,STOMP
142,REGIMAGMA,1,SANDSTORM
142,REGIMAGMA,1,ANCIENTPOWER
142,REGIMAGMA,55,POWER_GEM
142,REGIMAGMA,58,FIRE_BLAST
142,REGIMAGMA,63,EARTH_POWER
143,REGIMAGMA,68,SUNNY_DAY
144,REGIMAGMA,75,HYPER_BEAM
145,REGIMAGMA,80,FLASH_CANNON
143,CROAGUNK,1,ASTONISH
143,CROAGUNK,2,MUD_SLAP
143,CROAGUNK,7,POISON_STING
143,CROAGUNK,9,ENCORE
143,CROAGUNK,15,PURSUIT
143,CROAGUNK,17,FAINT_ATTACK
143,CROAGUNK,24,SWAGGER
143,CROAGUNK,29,MUD_BOMB
143,CROAGUNK,33,SLUDGE_BOMB
143,CROAGUNK,36,TOXIC
143,CROAGUNK,37,NASTY_PLOT
143,CROAGUNK,40,POISON_JAB
143,CROAGUNK,47,POISON_GAS
144,TOXICROAK,1,FAINT_ATTACK
144,TOXICROAK,1,SWAGGER
144,TOXICROAK,1,MUD_BOMB
144,TOXICROAK,1,TOXIC
144,TOXICROAK,39,NASTY_PLOT
144,TOXICROAK,44,POISON_JAB
144,TOXICROAK,51,SLUDGE_BOMB
144,TOXICROAK,57,POISON_GAS
145,CLOBBOPUS,1,LEER
145,CLOBBOPUS,1,ROCK_SMASH
145,CLOBBOPUS,5,PURSUIT
145,CLOBBOPUS,10,WRAP
145,CLOBBOPUS,15,PROTECT
145,CLOBBOPUS,25,BULK_UP
145,CLOBBOPUS,30,SUBMISSION
145,CLOBBOPUS,35,ENCORE
145,CLOBBOPUS,40,REVERSAL
145,CLOBBOPUS,45,CROSS_CHOP
146,GRAPPLOCT,1,ROCK_SMASH
146,GRAPPLOCT,1,WRAP
146,GRAPPLOCT,1,BULK_UP
146,GRAPPLOCT,1,SUBMISSION
146,GRAPPLOCT,35,ENCORE
146,GRAPPLOCT,40,REVERSAL
146,GRAPPLOCT,45,CROSS_CHOP
147,JANGMO_O,1,TACKLE
147,JANGMO_O,3,LEER
147,JANGMO_O,9,BIDE
147,JANGMO_O,10,PROTECT
147,JANGMO_O,18,SCARY_FACE
147,JANGMO_O,22,HEADBUTT
147,JANGMO_O,26,GROWTH
147,JANGMO_O,30,SCREECH
147,JANGMO_O,34,BARRIER
147,JANGMO_O,38,DRAGON_CLAW
147,JANGMO_O,42,ROAR
147,JANGMO_O,46,DRAGON_DANCE
147,JANGMO_O,50,OUTRAGE
148,HAKAMO_O,1,AGILITY
148,HAKAMO_O,1,HEADBUTT
148,HAKAMO_O,1,SCREECH
148,HAKAMO_O,1,BARRIER
148,HAKAMO_O,39,DRAGON_CLAW
148,HAKAMO_O,44,ROAR
148,HAKAMO_O,50,DRAGON_DANCE
148,HAKAMO_O,55,OUTRAGE
148,HAKAMO_O,59,SUBMISSION
149,KOMMO_O,1,AGILITY
149,KOMMO_O,1,BELLY_DRUM
149,KOMMO_O,1,HEADBUTT
149,KOMMO_O,1,DRAGON_CLAW
149,KOMMO_O,46,ROAR
149,KOMMO_O,54,DRAGON_DANCE
149,KOMMO_O,62,OUTRAGE
149,KOMMO_O,67,SUBMISSION
150,LILLIPUP,1,LEER
150,LILLIPUP,1,TACKLE
150,LILLIPUP,8,BITE
150,LILLIPUP,11,CHARM
150,LILLIPUP,14,BATON_PASS
150,LILLIPUP,16,GROWTH
150,LILLIPUP,18,TAKE_DOWN
150,LILLIPUP,22,CRUNCH
150,LILLIPUP,26,COUNTER
150,LILLIPUP,28,ROAR
150,LILLIPUP,33,REVERSAL
150,LILLIPUP,37,EXPLOSION
150,LILLIPUP,40,PLAY_ROUGH
150,LILLIPUP,41,GIGA_IMPACT
151,HERDIER,1,LEER
151,HERDIER,1,TACKLE
151,HERDIER,1,BITE
151,HERDIER,16,BATON_PASS
151,HERDIER,17,GROWTH
151,HERDIER,18,TAKE_DOWN
151,HERDIER,19,CHARM
151,HERDIER,24,CRUNCH
151,HERDIER,30,COUNTER
151,HERDIER,32,ROAR
151,HERDIER,39,REVERSAL
151,HERDIER,44,EXPLOSION
151,HERDIER,46,PLAY_ROUGH
151,HERDIER,49,GIGA_IMPACT
152,STOUTLAND,1,BITE
152,STOUTLAND,1,TAKE_DOWN
152,STOUTLAND,1,CRUNCH
152,STOUTLAND,32,COUNTER
152,STOUTLAND,33,ROAR
152,STOUTLAND,43,REVERSAL
152,STOUTLAND,53,EXPLOSION
152,STOUTLAND,55,PLAY_ROUGH
152,STOUTLAND,61,GIGA_IMPACT
153,SALANDIT2,1,LEER
154,SALAZZLE2,1,LEER
155,TYKER,1,LEER
155,TYKER,1,TACKLE
155,TYKER,4,THUNDERSHOCK
155,TYKER,7,QUICK_ATTACK
155,TYKER,10,ROAR
155,TYKER,14,BITE
155,TYKER,16,SPARK
155,TYKER,20,THUNDER_WAVE
155,TYKER,24,SHOCK_WAVE
155,TYKER,26,AGILITY
155,TYKER,29,THUNDERPUNCH
155,TYKER,33,WILD_CHARGE
155,TYKER,36,PLAY_ROUGH
155,TYKER,38,THUNDERBOLT
155,TYKER,43,ZAP_CANNON
155,TYKER,48,THUNDER
156,STRAIGAR,1,SPARK
156,STRAIGAR,1,THUNDER_WAVE
156,STRAIGAR,1,SHOCK_WAVE
156,STRAIGAR,1,AGILITY
156,STRAIGAR,32,THUNDERPUNCH
156,STRAIGAR,36,WILD_CHARGE
156,STRAIGAR,39,PLAY_ROUGH
156,STRAIGAR,41,THUNDERBOLT
156,STRAIGAR,46,ZAP_CANNON
156,STRAIGAR,51,THUNDER
157,TYMPOLE,1,BUBBLE
157,TYMPOLE,1,GROWL
157,TYMPOLE,4,ACID
157,TYMPOLE,5,SUPERSONIC
157,TYMPOLE,10,ROLLOUT
157,TYMPOLE,13,BUBBLEBEAM
157,TYMPOLE,21,RECOVER
157,TYMPOLE,23,HYPER_VOICE
157,TYMPOLE,28,SCALD
157,TYMPOLE,31,FLAIL
157,TYMPOLE,32,RAIN_DANCE
157,TYMPOLE,42,HYDRO_PUMP
158,PALPITOAD,1,SUPERSONIC
158,PALPITOAD,1,ROLLOUT
158,PALPITOAD,1,BUBBLEBEAM
158,PALPITOAD,1,RECOVER
158,PALPITOAD,30,SCALD
158,PALPITOAD,35,FLAIL
158,PALPITOAD,36,RAIN_DANCE
158,PALPITOAD,40,HYPER_VOICE
158,PALPITOAD,48,HYDRO_PUMP
159,SEISMITOAD,1,ACID
159,SEISMITOAD,1,RECOVER
159,SEISMITOAD,1,SCALD
159,SEISMITOAD,1,DRAIN_PUNCH
159,SEISMITOAD,36,FLAIL
159,SEISMITOAD,37,RAIN_DANCE
159,SEISMITOAD,42,HYPER_VOICE
159,SEISMITOAD,55,HYDRO_PUMP
160,PIKIPEK,1,PECK
160,PIKIPEK,3,GROWL
160,PIKIPEK,9,ROCK_SMASH
160,PIKIPEK,13,SUPERSONIC
160,PIKIPEK,15,THIEF
160,PIKIPEK,19,RECOVER
160,PIKIPEK,21,FURY_STRIKES
160,PIKIPEK,25,SCREECH
160,PIKIPEK,27,DRILL_PECK
160,PIKIPEK,31,SEED_BOMB
160,PIKIPEK,33,CHARM
160,PIKIPEK,37,HYPER_VOICE
161,TRUMBEAK,1,PECK
161,TRUMBEAK,1,GROWL
161,TRUMBEAK,1,ROCK_SMASH
161,TRUMBEAK,1,SUPERSONIC
161,TRUMBEAK,16,THIEF
161,TRUMBEAK,21,RECOVER
161,TRUMBEAK,24,FURY_STRIKES
161,TRUMBEAK,29,SCREECH
161,TRUMBEAK,32,DRILL_PECK
161,TRUMBEAK,37,SEED_BOMB
161,TRUMBEAK,40,CHARM
161,TRUMBEAK,45,HYPER_VOICE
162,TOUCANNON,1,PECK
162,TOUCANNON,1,ROCK_BLAST
162,TOUCANNON,1,THIEF
162,TOUCANNON,1,FURY_STRIKES
162,TOUCANNON,30,SCREECH
162,TOUCANNON,32,ROCK_BLAST
162,TOUCANNON,34,DRILL_PECK
162,TOUCANNON,40,SEED_BOMB
162,TOUCANNON,44,CHARM
162,TOUCANNON,50,HYPER_VOICE
163,HEATMOR,1,FLAME_WHEEL
163,HEATMOR,1,HONE_CLAWS
163,HEATMOR,1,FURY_STRIKES
163,HEATMOR,1,FIRE_SPIN
163,HEATMOR,26,THIEF
163,HEATMOR,31,FLAMETHROWER
163,HEATMOR,33,STRUGGLE_BUG
163,HEATMOR,38,SLASH
163,HEATMOR,45,AMNESIA
163,HEATMOR,48,FIRE_BLAST
163,HEATMOR,49,RECOVER
163,HEATMOR,60,FIRE_LASH
164,MOLAMBINO,1,BUBBLE
164,MOLAMBINO,1,LEER
164,MOLAMBINO,4,FLAIL
164,MOLAMBINO,8,AQUA_JET
164,MOLAMBINO,10,SUPERSONIC
164,MOLAMBINO,12,HEADBUTT
164,MOLAMBINO,16,WATER_PULSE
164,MOLAMBINO,20,AGILITY
164,MOLAMBINO,23,BUBBLEBEAM
164,MOLAMBINO,26,BITE
164,MOLAMBINO,28,RAIN_DANCE
164,MOLAMBINO,30,DOUBLE_TEAM
164,MOLAMBINO,32,THRASH
164,MOLAMBINO,46,WATERFALL
165,ANGORE,1,AQUA_JET
165,ANGORE,1,HEADBUTT
165,ANGORE,1,BITE
165,ANGORE,1,DOUBLE_TEAM
165,ANGORE,33,THRASH
165,ANGORE,36,IRON_HEAD
165,ANGORE,40,CRUNCH
165,ANGORE,43,IRON_TAIL
165,ANGORE,45,HYPER_FANG
165,ANGORE,47,WATERFALL
165,ANGORE,53,SUPER_FANG
165,ANGORE,57,GIGA_IMPACT
166,CLAUNCHER,1,SPLASH
166,CLAUNCHER,1,WATER_GUN
166,CLAUNCHER,5,CUT
166,CLAUNCHER,10,FLAIL
166,CLAUNCHER,15,AQUA_JET
166,CLAUNCHER,20,HONE_CLAWS
166,CLAUNCHER,25,WATER_PULSE
166,CLAUNCHER,30,SWORDS_DANCE
166,CLAUNCHER,35,ROCK_BLAST
166,CLAUNCHER,38,DARK_PULSE
166,CLAUNCHER,40,MUD_BOMB
166,CLAUNCHER,45,AIR_SLASH
166,CLAUNCHER,48,DRAGON_PULSE
166,CLAUNCHER,50,SURF
166,CLAUNCHER,55,WATERFALL
167,CLAWITZER,1,AQUA_JET
167,CLAWITZER,1,HONE_CLAWS
167,CLAWITZER,1,WATER_PULSE
167,CLAWITZER,1,SWORDS_DANCE
167,CLAWITZER,40,ROCK_BLAST
167,CLAWITZER,43,DARK_PULSE
167,CLAWITZER,47,MUD_BOMB
167,CLAWITZER,50,AIR_SLASH
167,CLAWITZER,53,DRAGON_PULSE
167,CLAWITZER,56,SURF
167,CLAWITZER,63,WATERFALL
168,BUIZEL,2,GROWL
168,BUIZEL,7,QUICK_ATTACK
168,BUIZEL,11,WATER_GUN
168,BUIZEL,14,PURSUIT
168,BUIZEL,18,SWIFT
168,BUIZEL,22,AQUA_JET
168,BUIZEL,27,DOUBLE_KICK
168,BUIZEL,33,WHIRLPOOL
168,BUIZEL,35,AGILITY
168,BUIZEL,39,AEROBLAST
168,BUIZEL,40,WATERFALL
168,BUIZEL,45,HYDRO_PUMP
169,FLOATZEL,1,CRUNCH
169,FLOATZEL,1,PURSUIT
169,FLOATZEL,1,SWIFT
169,FLOATZEL,1,AQUA_JET
169,FLOATZEL,29,DOUBLE_KICK
169,FLOATZEL,36,WHIRLPOOL
169,FLOATZEL,41,AGILITY
169,FLOATZEL,45,AEROBLAST
169,FLOATZEL,48,WATERFALL
169,FLOATZEL,57,HYDRO_PUMP
170,SHELLOS,1,WATER_GUN
170,SHELLOS,2,MUD_SLAP
170,SHELLOS,4,DEFENSE_CURL
170,SHELLOS,7,WATER_PULSE
170,SHELLOS,11,MUD_BOMB
170,SHELLOS,16,HIDDEN_POWER
170,SHELLOS,20,ANCIENTPOWER
170,SHELLOS,23,RAIN_DANCE
170,SHELLOS,28,BODY_SLAM
170,SHELLOS,35,EARTH_POWER
170,SHELLOS,36,SCALD
170,SHELLOS,42,RECOVER
170,SHELLOS,45,EXPLOSION
171,GASTRODON,1,WATER_PULSE
171,GASTRODON,1,ANCIENTPOWER
171,GASTRODON,1,RAIN_DANCE
171,GASTRODON,1,BODY_SLAM
171,GASTRODON,39,EARTH_POWER
171,GASTRODON,40,SCALD
171,GASTRODON,48,RECOVER
171,GASTRODON,53,EXPLOSION
172,FINNEON,1,TACKLE
172,FINNEON,6,WATER_GUN
172,FINNEON,10,ATTRACT
172,FINNEON,13,RAIN_DANCE
172,FINNEON,17,GUST
172,FINNEON,22,WATER_PULSE
172,FINNEON,26,MEAN_LOOK
172,FINNEON,29,SAFEGUARD
172,FINNEON,33,RECOVER
172,FINNEON,38,WHIRLPOOL
172,FINNEON,42,THUNDERPUNCH
172,FINNEON,45,AERIAL_ACE
172,FINNEON,49,SIGNAL_BEAM
173,LUMINEON,1,TACKLE
173,LUMINEON,1,WATER_PULSE
173,LUMINEON,1,MEAN_LOOK
173,LUMINEON,1,SAFEGUARD
173,LUMINEON,35,RECOVER
173,LUMINEON,42,WHIRLPOOL
173,LUMINEON,48,THUNDERPUNCH
173,LUMINEON,53,AERIAL_ACE
173,LUMINEON,59,SIGNAL_BEAM
174,TIRTOUGA,1,DEFENSE_CURL
174,TIRTOUGA,1,WATER_GUN
174,TIRTOUGA,5,ROLLOUT
174,TIRTOUGA,9,BITE
174,TIRTOUGA,13,AQUA_JET
174,TIRTOUGA,17,ANCIENTPOWER
174,TIRTOUGA,21,CRUNCH
174,TIRTOUGA,24,PROTECT
174,TIRTOUGA,27,WATER_PULSE
174,TIRTOUGA,33,BARRIER
174,TIRTOUGA,34,CURSE
174,TIRTOUGA,39,DRAGON_DANCE
174,TIRTOUGA,40,WATERFALL
174,TIRTOUGA,42,ROCK_SLIDE
174,TIRTOUGA,46,RAIN_DANCE
174,TIRTOUGA,49,HYDRO_PUMP
175,CARRACOSTA,1,ANCIENTPOWER
175,CARRACOSTA,1,CRUNCH
175,CARRACOSTA,1,WATER_PULSE
175,CARRACOSTA,1,CURSE
175,CARRACOSTA,41,DRAGON_DANCE
175,CARRACOSTA,43,WATERFALL
175,CARRACOSTA,47,ROCK_SLIDE
175,CARRACOSTA,53,RAIN_DANCE
175,CARRACOSTA,58,HYDRO_PUMP
176,CHINCHOU,1,BUBBLE
176,CHINCHOU,2,SUPERSONIC
176,CHINCHOU,4,THUNDER_WAVE
176,CHINCHOU,8,THUNDERSHOCK
176,CHINCHOU,13,FLAIL
176,CHINCHOU,16,SHOCK_WAVE
176,CHINCHOU,21,CONFUSE_RAY
176,CHINCHOU,22,SPARK
176,CHINCHOU,24,BUBBLEBEAM
176,CHINCHOU,31,SIGNAL_BEAM
176,CHINCHOU,32,TAKE_DOWN
176,CHINCHOU,40,RECOVER
176,CHINCHOU,42,HYDRO_PUMP
177,LANTURN,1,FLAIL
177,LANTURN,1,SPARK
177,LANTURN,1,CONFUSE_RAY
177,LANTURN,1,BUBBLEBEAM
177,LANTURN,34,SIGNAL_BEAM
177,LANTURN,36,TAKE_DOWN
177,LANTURN,47,RECOVER
177,LANTURN,52,HYDRO_PUMP
178,BURGELA,1,WRAP
178,BURGELA,4,TACKLE
178,BURGELA,6,LEAFAGE
178,BURGELA,10,SLEEP_POWDER
178,BURGELA,12,CONFUSION
178,BURGELA,16,RAZOR_LEAF
178,BURGELA,17,POISON_GAS
179,TANGELA,1,WRAP
179,BURGELA,2,LEECH_LIFE
179,TANGELA,4,RECOVER
179,TANGELA,9,SLEEP_POWDER
179,TANGELA,10,LEECH_LIFE
179,TANGELA,16,RAZOR_LEAF
179,TANGELA,17,POISON_GAS
179,TANGELA,21,GROWTH
179,TANGELA,26,MEGA_DRAIN
179,TANGELA,30,THIEF
179,TANGELA,31,STUN_SPORE
179,TANGELA,35,ANCIENTPOWER
179,TANGELA,36,HIDDEN_POWER
179,TANGELA,37,GIGA_DRAIN
179,TANGELA,39,LEECH_SEED
179,TANGELA,48,GIGA_IMPACT
179,TANGELA,49,AMNESIA
179,TANGELA,51,POWER_WHIP
180,TANGROWTH,21,RAZOR_LEAF
180,TANGROWTH,21,GROWTH
180,TANGROWTH,21,POISON_GAS
180,TANGROWTH,21,MEGA_DRAIN
180,TANGROWTH,26,STUN_SPORE
180,TANGROWTH,30,THIEF
180,TANGROWTH,35,ANCIENTPOWER
180,TANGROWTH,36,HIDDEN_POWER
180,TANGROWTH,37,GIGA_DRAIN
180,TANGROWTH,42,STRENGTH
180,TANGROWTH,49,GIGA_IMPACT
180,TANGROWTH,52,POWER_WHIP
181,JUNGELA,21,RAZOR_LEAF
181,JUNGELA,21,GROWTH
181,JUNGELA,21,POISON_GAS
181,JUNGELA,21,MEGA_DRAIN
181,JUNGELA,26,STUN_SPORE
181,JUNGELA,30,THIEF
181,JUNGELA,35,GIGA_DRAIN
181,JUNGELA,36,HIDDEN_POWER
181,JUNGELA,37,ANCIENTPOWER
181,JUNGELA,42,STRENGTH
181,JUNGELA,49,GIGA_IMPACT
181,JUNGELA,52,POWER_WHIP
182,EEVEE,1,BATON_PASS
182,EEVEE,1,TACKLE
182,EEVEE,2,LEER
182,EEVEE,8,CHARM
182,EEVEE,10,DOUBLE_KICK
182,EEVEE,11,THIEF
182,EEVEE,15,SWIFT
182,EEVEE,19,QUICK_ATTACK
182,EEVEE,26,BITE
182,EEVEE,30,MIRROR_MOVE
182,EEVEE,36,FOCUS_ENERGY
182,EEVEE,37,TAKE_DOWN
182,EEVEE,47,DOUBLE_EDGE
183,VAPOREON,1,HYPNOSIS
183,VAPOREON,1,SWIFT
183,VAPOREON,1,TAKE_DOWN
183,VAPOREON,1,THIEF
183,VAPOREON,9,WATER_GUN
183,VAPOREON,10,DOUBLE_KICK
183,VAPOREON,18,WATER_PULSE
183,VAPOREON,28,BITE
183,VAPOREON,30,AURORA_BEAM
183,VAPOREON,33,RECOVER
183,VAPOREON,40,HAZE
183,VAPOREON,44,BARRIER
183,VAPOREON,45,MIST
183,VAPOREON,51,SCALD
183,VAPOREON,53,HYDRO_PUMP
184,JOLTEON,1,BITE
184,JOLTEON,1,SWIFT
184,JOLTEON,1,THIEF
184,JOLTEON,9,THUNDERSHOCK
184,JOLTEON,11,CHARM
184,JOLTEON,17,QUICK_ATTACK
184,JOLTEON,25,DOUBLE_KICK
184,JOLTEON,30,SPARK
184,JOLTEON,32,TWINEEDLE
184,JOLTEON,40,THUNDER_WAVE
184,JOLTEON,44,AGILITY
184,JOLTEON,51,SHOCK_WAVE
184,JOLTEON,53,THUNDER
185,FLAREON,1,SWIFT
185,FLAREON,1,TAKE_DOWN
185,FLAREON,1,THIEF
185,FLAREON,9,EMBER
185,FLAREON,10,DOUBLE_KICK
185,FLAREON,11,CHARM
185,FLAREON,26,BITE
185,FLAREON,30,FLAME_WHEEL
185,FLAREON,32,FIRE_SPIN
185,FLAREON,40,SMOG
185,FLAREON,43,FIRE_LASH
185,FLAREON,44,SCARY_FACE
185,FLAREON,48,RAGE
185,FLAREON,52,FLAMETHROWER
185,FLAREON,65,FIRE_BLAST
186,ESPEON,1,BITE
186,ESPEON,1,TACKLE
186,ESPEON,1,TAKE_DOWN
186,ESPEON,1,THIEF
186,ESPEON,6,SMOKESCREEN
186,ESPEON,10,CONFUSION
186,ESPEON,11,CHARM
186,ESPEON,19,QUICK_ATTACK
186,ESPEON,25,SWIFT
186,ESPEON,30,PSYBEAM
186,ESPEON,34,FUTURE_SIGHT
186,ESPEON,41,PSYCH_UP
186,ESPEON,47,PSYCHIC_M
186,ESPEON,49,RECOVER
187,UMBREON,1,BATON_PASS
187,UMBREON,1,BITE
187,UMBREON,1,MIRROR_MOVE
187,UMBREON,1,THIEF
187,UMBREON,6,SMOKESCREEN
187,UMBREON,10,CHARM
187,UMBREON,11,PURSUIT
187,UMBREON,19,QUICK_ATTACK
187,UMBREON,25,CONFUSE_RAY
187,UMBREON,31,FAINT_ATTACK
187,UMBREON,32,ZEN_HEADBUTT
187,UMBREON,40,DARK_PULSE
187,UMBREON,44,MEAN_LOOK
187,UMBREON,45,SCREECH
187,UMBREON,49,RECOVER
188,GLACEON,1,MIRROR_MOVE
188,GLACEON,1,SWIFT
188,GLACEON,1,TAKE_DOWN
188,GLACEON,1,THIEF
188,GLACEON,5,ICY_WIND
188,GLACEON,6,SMOKESCREEN
188,GLACEON,11,CHARM
188,GLACEON,16,QUICK_ATTACK
188,GLACEON,22,BITE
188,GLACEON,28,ICE_SHARD
188,GLACEON,30,ICICLE_CRASH
188,GLACEON,43,MIRROR_COAT
188,GLACEON,45,BARRIER
188,GLACEON,47,HAIL
188,GLACEON,55,BLIZZARD
189,LEAFEON,1,BATON_PASS
189,LEAFEON,1,BITE
189,LEAFEON,1,SWIFT
189,LEAFEON,1,TAKE_DOWN
189,LEAFEON,5,SMOKESCREEN
189,LEAFEON,6,RAZOR_LEAF
189,LEAFEON,11,CHARM
189,LEAFEON,16,QUICK_ATTACK
189,LEAFEON,20,LEECH_SEED
189,LEAFEON,27,MAGICAL_LEAF
189,LEAFEON,31,RECOVER
189,LEAFEON,33,GIGA_DRAIN
189,LEAFEON,47,SUNNY_DAY
189,LEAFEON,48,SWORDS_DANCE
189,LEAFEON,55,LEAF_BLADE
190,SYLVEON,1,BATON_PASS
190,SYLVEON,1,BITE
190,SYLVEON,1,DISRMNGVOICE
190,SYLVEON,1,THIEF
190,SYLVEON,3,FAIRY_WIND
190,SYLVEON,5,SMOKESCREEN
190,SYLVEON,11,CHARM
190,SYLVEON,12,QUICK_ATTACK
190,SYLVEON,17,SWIFT
190,SYLVEON,31,LIGHT_SCREEN
190,SYLVEON,39,MOONBLAST
190,SYLVEON,45,PSYCH_UP
191,DURANT,1,HORN_ATTACK
191,DURANT,1,SMOKESCREEN
191,DURANT,3,FURY_CUTTER
191,DURANT,9,BITE
191,DURANT,14,AGILITY
191,DURANT,16,METAL_CLAW
191,DURANT,21,STRUGGLE_BUG
191,DURANT,28,CRUNCH
191,DURANT,34,IRON_HEAD
191,DURANT,36,DIG
191,DURANT,38,SCREECH
191,DURANT,41,BARRIER
191,DURANT,45,X_SCISSOR
192,SWINUB,1,POWDER_SNOW
192,SWINUB,1,MUD_SLAP
192,SWINUB,1,ENDURE
192,SWINUB,1,MUD_BOMB
192,SWINUB,23,ICY_WIND
192,SWINUB,24,ICE_SHARD
192,SWINUB,29,TAKE_DOWN
192,SWINUB,35,FLAIL
192,SWINUB,36,MIST
192,SWINUB,37,EARTHQUAKE
192,SWINUB,45,BLIZZARD
192,SWINUB,50,AMNESIA
193,PILOSWINE,1,ICE_SHARD
193,PILOSWINE,1,MUD_BOMB
193,PILOSWINE,1,ICICLE_CRASH
193,PILOSWINE,1,TAKE_DOWN
193,PILOSWINE,40,MIST
193,PILOSWINE,44,EARTHQUAKE
193,PILOSWINE,45,THRASH
193,PILOSWINE,54,BLIZZARD
193,PILOSWINE,62,AMNESIA
194,MAMOSWINE,1,ANCIENTPOWER
194,MAMOSWINE,1,ICICLE_CRASH
194,MAMOSWINE,1,DOUBLE_KICK
194,MAMOSWINE,1,EARTHQUAKE
194,MAMOSWINE,45,THRASH
194,MAMOSWINE,54,BLIZZARD
195,TEDDIURSA,1,SCRATCH
195,TEDDIURSA,1,THIEF
195,TEDDIURSA,3,LICK
195,TEDDIURSA,7,CHARM
195,TEDDIURSA,10,FURY_STRIKES
195,TEDDIURSA,19,FAINT_ATTACK
195,TEDDIURSA,22,STUN_SPORE
195,TEDDIURSA,25,PLAY_ROUGH
195,TEDDIURSA,32,SLASH
195,TEDDIURSA,37,REST
195,TEDDIURSA,43,SNORE
195,TEDDIURSA,49,THRASH
196,URSARING,1,THIEF
196,URSARING,1,FURY_STRIKES
196,URSARING,1,FAINT_ATTACK
196,URSARING,1,PLAY_ROUGH
196,URSARING,32,SLASH
196,URSARING,38,SCARY_FACE
196,URSARING,39,REST
196,URSARING,46,CROSS_CHOP
196,URSARING,47,SNORE
196,URSARING,55,THRASH
197,URSALUNA,1,PLAY_ROUGH
197,URSALUNA,1,BULLDOZE
197,URSALUNA,1,REST
197,URSALUNA,1,SNORE
197,URSALUNA,48,EARTHQUAKE
197,URSALUNA,56,THRASH
197,URSALUNA,64,CROSS_CHOP
198,SNOVER,1,RAZOR_LEAF
198,SNOVER,1,ICY_WIND
198,SNOVER,1,SWAGGER
198,SNOVER,1,MIST
198,SNOVER,24,ICE_SHARD
198,SNOVER,31,RECOVER
198,SNOVER,36,LEAF_BLADE
198,SNOVER,41,BLIZZARD
199,ABOMASNOW,1,SWAGGER
199,ABOMASNOW,1,ICE_SHARD
199,ABOMASNOW,1,RECOVER
199,ABOMASNOW,1,LEAF_BLADE
199,ABOMASNOW,47,BLIZZARD
200,SKARMORY,1,PECK
200,SKARMORY,5,METAL_CLAW
200,SKARMORY,7,AGILITY
200,SKARMORY,12,WING_ATTACK
200,SKARMORY,21,FURY_STRIKES
200,SKARMORY,22,AIR_CUTTER
200,SKARMORY,33,SPIKES
200,SKARMORY,35,STEEL_WING
200,SKARMORY,36,DRILL_PECK
200,SKARMORY,38,SCREECH
200,SKARMORY,40,SLASH
200,SKARMORY,42,AIR_SLASH
200,SKARMORY,48,BARRIER
200,SKARMORY,49,NIGHT_SLASH
201,BLITZLE,1,QUICK_ATTACK
201,BLITZLE,4,LEER
201,BLITZLE,8,SPARK
201,BLITZLE,11,SHOCK_WAVE
201,BLITZLE,15,THUNDER_WAVE
201,BLITZLE,18,SINGE
201,BLITZLE,22,PURSUIT
201,BLITZLE,29,STOMP
201,BLITZLE,36,AGILITY
201,BLITZLE,39,WILD_CHARGE
201,BLITZLE,43,THRASH
202,ZEBSTRIKA,1,SPARK
202,ZEBSTRIKA,1,THUNDER_WAVE
202,ZEBSTRIKA,1,SHOCK_WAVE
202,ZEBSTRIKA,1,SINGE
202,ZEBSTRIKA,31,STOMP
202,ZEBSTRIKA,42,AGILITY
202,ZEBSTRIKA,47,WILD_CHARGE
202,ZEBSTRIKA,53,THRASH
203,PONYTA,1,GROWL
203,PONYTA,1,TACKLE
203,PONYTA,5,LEER
203,PONYTA,10,CONFUSION
203,PONYTA,15,FAIRY_WIND
203,PONYTA,20,AGILITY
203,PONYTA,25,PSYBEAM
203,PONYTA,30,STOMP
203,PONYTA,41,TAKE_DOWN
203,PONYTA,45,DAZZLE_BEAM
203,PONYTA,50,PSYCHIC_M
203,PONYTA,55,RECOVER
204,RAPIDASH,1,ZEN_HEADBUTT
204,RAPIDASH,1,FAIRY_WIND
204,RAPIDASH,1,AGILITY
204,RAPIDASH,1,STOMP
204,RAPIDASH,40,MEGAHORN
204,RAPIDASH,43,TAKE_DOWN
204,RAPIDASH,49,DAZZLE_BEAM
204,RAPIDASH,56,PSYCHIC_M
204,RAPIDASH,63,RECOVER
205,SANDYGAST,1,HARDEN
205,SANDYGAST,1,LEECH_LIFE
205,SANDYGAST,5,ASTONISH
205,SANDYGAST,12,SMOKESCREEN
205,SANDYGAST,17,MEGA_DRAIN
205,SANDYGAST,23,BULLDOZE
205,SANDYGAST,28,HYPNOSIS
205,SANDYGAST,34,BARRIER
205,SANDYGAST,35,GIGA_DRAIN
205,SANDYGAST,42,SHADOW_BALL
205,SANDYGAST,46,EARTH_POWER
205,SANDYGAST,51,RECOVER
205,SANDYGAST,56,SANDSTORM
206,PALOSSAND,1,ASTONISH
206,PALOSSAND,1,SMOKESCREEN
206,PALOSSAND,1,BULLDOZE
206,PALOSSAND,1,GIGA_DRAIN
206,PALOSSAND,43,SHADOW_BALL
206,PALOSSAND,49,EARTH_POWER
206,PALOSSAND,56,RECOVER
206,PALOSSAND,62,SANDSTORM
207,STUFFUL,1,LEER
207,STUFFUL,1,TACKLE
207,STUFFUL,5,BIDE
207,STUFFUL,8,CHARM
207,STUFFUL,16,ENDURE
207,STUFFUL,18,PURSUIT
207,STUFFUL,20,STRENGTH
207,STUFFUL,22,FLAIL
207,STUFFUL,26,TAKE_DOWN
207,STUFFUL,32,CROSS_CHOP
207,STUFFUL,36,THRASH
207,STUFFUL,40,PAIN_SPLIT
207,STUFFUL,45,DOUBLE_EDGE
208,BEWEAR,1,PURSUIT
208,BEWEAR,1,ENDURE
208,BEWEAR,1,STRENGTH
208,BEWEAR,1,FLAIL
208,BEWEAR,28,TAKE_DOWN
208,BEWEAR,36,CROSS_CHOP
208,BEWEAR,42,THRASH
208,BEWEAR,48,PAIN_SPLIT
208,BEWEAR,55,DOUBLE_EDGE
209,ORICORIO_BAILE,1,TACKLE
209,ORICORIO_BAILE,4,GROWL
209,ORICORIO_BAILE,6,PECK
209,ORICORIO_BAILE,10,BATON_PASS
209,ORICORIO_BAILE,13,AIR_CUTTER
209,ORICORIO_BAILE,20,CHARM
209,ORICORIO_BAILE,23,FURY_STRIKES
209,ORICORIO_BAILE,26,SWEET_KISS
209,ORICORIO_BAILE,30,RECOVER
209,ORICORIO_BAILE,33,MEAN_LOOK
209,ORICORIO_BAILE,36,AIR_SLASH
209,ORICORIO_BAILE,40,FLAMETHROWER
209,ORICORIO_BAILE,43,MIRROR_MOVE
209,ORICORIO_BAILE,46,AGILITY
209,ORICORIO_BAILE,50,AEROBLAST
210,ORICORIO_POM,1,TACKLE
210,ORICORIO_POM,4,GROWL
210,ORICORIO_POM,6,PECK
210,ORICORIO_POM,10,BATON_PASS
210,ORICORIO_POM,13,AIR_CUTTER
210,ORICORIO_POM,20,CHARM
210,ORICORIO_POM,23,FURY_STRIKES
210,ORICORIO_POM,26,SWEET_KISS
210,ORICORIO_POM,30,RECOVER
210,ORICORIO_POM,33,MEAN_LOOK
210,ORICORIO_POM,36,AIR_SLASH
210,ORICORIO_POM,40,THUNDERBOLT
210,ORICORIO_POM,43,MIRROR_MOVE
210,ORICORIO_POM,46,AGILITY
210,ORICORIO_POM,50,AEROBLAST
211,HOUNDOUR,1,EMBER
211,HOUNDOUR,1,LEER
211,HOUNDOUR,10,SMOG
211,HOUNDOUR,14,ROAR
211,HOUNDOUR,19,BITE
211,HOUNDOUR,28,FLAME_WHEEL
211,HOUNDOUR,33,FAINT_ATTACK
211,HOUNDOUR,42,FLAMETHROWER
211,HOUNDOUR,48,CRUNCH
211,HOUNDOUR,52,NASTY_PLOT
211,HOUNDOUR,56,FIRE_BLAST
212,HOUNDOOM,1,EMBER
212,HOUNDOOM,1,SMOG
212,HOUNDOOM,1,ROAR
212,HOUNDOOM,1,BITE
212,HOUNDOOM,30,FLAME_WHEEL
212,HOUNDOOM,37,FAINT_ATTACK
212,HOUNDOOM,39,FIRE_BLAST
212,HOUNDOOM,41,NASTY_PLOT
212,HOUNDOOM,48,FLAMETHROWER
212,HOUNDOOM,56,CRUNCH
213,ORICORIO_PAU,1,TACKLE
213,ORICORIO_PAU,4,GROWL
213,ORICORIO_PAU,6,PECK
213,ORICORIO_PAU,10,BATON_PASS
213,ORICORIO_PAU,13,AIR_CUTTER
213,ORICORIO_PAU,20,CHARM
213,ORICORIO_PAU,23,FURY_STRIKES
213,ORICORIO_PAU,26,SWEET_KISS
213,ORICORIO_PAU,30,RECOVER
213,ORICORIO_PAU,33,MEAN_LOOK
213,ORICORIO_PAU,36,AIR_SLASH
213,ORICORIO_PAU,40,PSYCHIC_M
213,ORICORIO_PAU,43,MIRROR_MOVE
213,ORICORIO_PAU,46,AGILITY
213,ORICORIO_PAU,50,AEROBLAST
214,ORICORIO_SENSU,1,TACKLE
214,ORICORIO_SENSU,4,GROWL
214,ORICORIO_SENSU,6,PECK
214,ORICORIO_SENSU,10,BATON_PASS
214,ORICORIO_SENSU,13,AIR_CUTTER
214,ORICORIO_SENSU,20,CHARM
214,ORICORIO_SENSU,23,FURY_STRIKES
214,ORICORIO_SENSU,26,SWEET_KISS
214,ORICORIO_SENSU,30,RECOVER
214,ORICORIO_SENSU,33,MEAN_LOOK
214,ORICORIO_SENSU,36,AIR_SLASH
214,ORICORIO_SENSU,40,SHADOW_BALL
214,ORICORIO_SENSU,43,MIRROR_MOVE
214,ORICORIO_SENSU,46,AGILITY
214,ORICORIO_SENSU,50,AEROBLAST
215,ORANGURU,1,CONFUSION
215,ORANGURU,5,ENCORE
215,ORANGURU,18,PSYCH_UP
215,ORANGURU,22,FAINT_ATTACK
215,ORANGURU,26,NASTY_PLOT
215,ORANGURU,29,CALM_MIND
215,ORANGURU,31,ZEN_HEADBUTT
215,ORANGURU,43,PSYCHIC_M
215,ORANGURU,50,FUTURE_SIGHT
216,MISDREAVUS,1,GROWL
216,MISDREAVUS,1,PSYWAVE
216,MISDREAVUS,5,SPITE
216,MISDREAVUS,10,ASTONISH
216,MISDREAVUS,14,CONFUSE_RAY
216,MISDREAVUS,20,MEAN_LOOK
216,MISDREAVUS,23,OMINOUS_WIND
216,MISDREAVUS,27,PSYBEAM
216,MISDREAVUS,33,PAIN_SPLIT
216,MISDREAVUS,35,PURSUIT
216,MISDREAVUS,39,SHADOW_BALL
216,MISDREAVUS,44,PERISH_SONG
216,MISDREAVUS,53,POWER_GEM
217,MISMAGIUS,1,MAGICAL_LEAF
217,MISMAGIUS,1,POWER_GEM
217,MISMAGIUS,1,SHADOW_BALL
217,MISMAGIUS,1,SPITE
218,PORYGON,1,CONVERSION
218,PORYGON,1,CONVERSION2
218,PORYGON,1,TACKLE
218,PORYGON,6,THUNDERSHOCK
218,PORYGON,9,CONFUSION
218,PORYGON,12,AGILITY
218,PORYGON,16,SHOCK_WAVE
218,PORYGON,18,PSYBEAM
218,PORYGON,21,RECOVER
218,PORYGON,27,SIGNAL_BEAM
218,PORYGON,29,SWORDS_DANCE
218,PORYGON,40,TRI_ATTACK
218,PORYGON,42,SUBSTITUTE
218,PORYGON,55,ZAP_CANNON
218,PORYGON,57,HYPER_BEAM
219,PORYGON2,1,CONVERSION
219,PORYGON2,1,CONVERSION2
219,PORYGON2,1,PSYBEAM
219,PORYGON2,1,SHOCK_WAVE
219,PORYGON2,29,SIGNAL_BEAM
219,PORYGON2,39,SAFEGUARD
219,PORYGON2,40,SHOCK_WAVE
219,PORYGON2,44,TRI_ATTACK
219,PORYGON2,45,ZAP_CANNON
219,PORYGON2,66,HYPER_BEAM
220,PORYGON_Z,1,CONVERSION
220,PORYGON_Z,1,CONVERSION2
220,PORYGON_Z,1,PSYBEAM
220,PORYGON_Z,1,SHOCK_WAVE
220,PORYGON_Z,29,SIGNAL_BEAM
220,PORYGON_Z,39,SAFEGUARD
220,PORYGON_Z,40,SHOCK_WAVE
220,PORYGON_Z,44,ZAP_CANNON
220,PORYGON_Z,50,TRI_ATTACK
220,PORYGON_Z,66,HYPER_BEAM
221,LAPRAS,1,WATER_PULSE
221,LAPRAS,7,MIST
221,LAPRAS,11,ICE_SHARD
221,LAPRAS,13,SING
221,LAPRAS,14,CONFUSE_RAY
221,LAPRAS,15,RECOVER
221,LAPRAS,18,BODY_SLAM
221,LAPRAS,28,PERISH_SONG
221,LAPRAS,30,RAIN_DANCE
221,LAPRAS,33,ICE_BEAM
221,LAPRAS,43,SAFEGUARD
221,LAPRAS,45,SURF
221,LAPRAS,50,HYDRO_PUMP
221,LAPRAS,52,DRAGON_PULSE
221,LAPRAS,54,BLIZZARD
222,AMAURA,1,POWDER_SNOW
222,AMAURA,1,ROCK_THROW
222,AMAURA,1,ICY_WIND
222,AMAURA,1,AURORA_BEAM
222,AMAURA,1,ANCIENTPOWER
222,AMAURA,27,ROLLOUT
222,AMAURA,34,ICICLE_CRASH
222,AMAURA,36,ENCORE
222,AMAURA,39,TRI_ATTACK
222,AMAURA,40,HAIL
222,AMAURA,46,LIGHT_SCREEN
222,AMAURA,48,ICE_BEAM
222,AMAURA,56,HYPER_BEAM
222,AMAURA,62,BLIZZARD
223,AURORUS,1,AURORA_BEAM
223,AURORUS,1,ANCIENTPOWER
223,AURORUS,1,ROLLOUT
223,AURORUS,1,ICICLE_CRASH
223,AURORUS,40,TRI_ATTACK
223,AURORUS,41,HAIL
223,AURORUS,49,LIGHT_SCREEN
223,AURORUS,53,ICE_BEAM
223,AURORUS,63,HYPER_BEAM
223,AURORUS,71,BLIZZARD
224,MINIOR_METEOR,1,ROLLOUT
224,MINIOR_METEOR,1,ANCIENTPOWER
224,MINIOR_METEOR,1,DOUBLE_EDGE
224,MINIOR_METEOR,1,EXPLOSION
225,MINIOR_CORE,1,CONFUSE_RAY
225,MINIOR_CORE,1,ANCIENTPOWER
225,MINIOR_CORE,1,POWER_GEM
225,MINIOR_CORE,1,EXPLOSION
226,DRAMPA,1,CHARM
226,DRAMPA,5,TWISTER
226,DRAMPA,9,PROTECT
226,DRAMPA,13,GLARE
226,DRAMPA,21,DRAGON_RAGE
226,DRAMPA,24,LIGHT_SCREEN
226,DRAMPA,25,HIDDEN_POWER
226,DRAMPA,27,DRAGONBREATH
226,DRAMPA,28,SAFEGUARD
226,DRAMPA,34,EXTRASENSORY
226,DRAMPA,39,DRAGON_PULSE
226,DRAMPA,45,FLY
226,DRAMPA,49,HYPER_VOICE
226,DRAMPA,53,OUTRAGE
227,SNORLAX,1,METRONOME
227,SNORLAX,1,TACKLE
227,SNORLAX,10,AMNESIA
227,SNORLAX,17,HEADBUTT
227,SNORLAX,18,SCREECH
227,SNORLAX,25,REST
227,SNORLAX,26,BELLY_DRUM
227,SNORLAX,28,SNORE
227,SNORLAX,30,SLEEP_TALK
227,SNORLAX,33,BODY_SLAM
227,SNORLAX,43,ROLLOUT
227,SNORLAX,44,CROSS_CHOP
227,SNORLAX,46,CRUNCH
227,SNORLAX,48,DOUBLE_EDGE
227,SNORLAX,53,GIGA_IMPACT
227,SNORLAX,55,IRON_HEAD
228,MAWILE,1,ASTONISH
228,MAWILE,1,FAIRY_WIND
228,MAWILE,1,GROWL
228,MAWILE,7,CHARM
228,MAWILE,8,ENCORE
228,MAWILE,10,BITE
228,MAWILE,16,HORN_ATTACK
228,MAWILE,20,FAINT_ATTACK
228,MAWILE,24,BATON_PASS
228,MAWILE,28,PLAY_ROUGH
228,MAWILE,34,CRUNCH
228,MAWILE,36,IRON_HEAD
228,MAWILE,38,BARRIER
228,MAWILE,40,PURSUIT
228,MAWILE,44,RECOVER
229,MEGA_MAWILE,1,MOONBLAST
230,SKRELP,1,SMOKESCREEN
230,SKRELP,1,FAINT_ATTACK
230,SKRELP,10,LEER
230,SKRELP,12,BUBBLE
230,SKRELP,13,ACID
230,SKRELP,25,WATER_PULSE
230,SKRELP,26,DOUBLE_TEAM
230,SKRELP,32,TOXIC
230,SKRELP,37,WATERFALL
230,SKRELP,40,SLUDGE_BOMB
230,SKRELP,44,HYDRO_PUMP
230,SKRELP,47,DRAGON_PULSE
231,DRAGALGE,1,DRAGON_CLAW
231,DRAGALGE,1,TOXIC
231,DRAGALGE,1,SLUDGE_BOMB
231,DRAGALGE,1,HYDRO_PUMP
231,DRAGALGE,50,DRAGON_PULSE
231,DRAGALGE,66,OUTRAGE
232,DREEPY,1,ASTONISH
232,DREEPY,1,BITE
232,DREEPY,1,BUG_BUZZ
232,DREEPY,1,QUICK_ATTACK
233,DRAKLOAK,1,OMINOUS_WIND
233,DRAKLOAK,1,DOUBLE_KICK
233,DRAKLOAK,1,THUNDERPUNCH
233,DRAKLOAK,1,DRAGON_DANCE
233,DRAKLOAK,54,TAKE_DOWN
233,DRAKLOAK,61,OUTRAGE
233,DRAKLOAK,66,DOUBLE_EDGE
233,DRAKLOAK,72,EXPLOSION
234,DRAGAPULT,1,OMINOUS_WIND
234,DRAGAPULT,1,DOUBLE_KICK
234,DRAGAPULT,1,OUTRAGE
234,DRAGAPULT,1,DRAGON_DANCE
234,DRAGAPULT,63,OUTRAGE
234,DRAGAPULT,70,DOUBLE_EDGE
234,DRAGAPULT,78,EXPLOSION
235,BRUXISH,1,WATER_GUN
235,BRUXISH,4,ASTONISH
235,BRUXISH,9,CONFUSION
235,BRUXISH,12,BITE
235,BRUXISH,17,AQUA_JET
235,BRUXISH,20,DISABLE
235,BRUXISH,25,PSYWAVE
235,BRUXISH,28,CRUNCH
235,BRUXISH,33,WATERFALL
235,BRUXISH,36,SCREECH
236,EXEGGCUTE,1,HYPNOSIS
236,EXEGGCUTE,1,LEECH_LIFE
236,EXEGGCUTE,6,REFLECT
236,EXEGGCUTE,8,LEECH_SEED
236,EXEGGCUTE,14,LEECH_SEED
236,EXEGGCUTE,18,SEED_BOMB
236,EXEGGCUTE,21,CONFUSION
236,EXEGGCUTE,22,STUN_SPORE
236,EXEGGCUTE,25,RECOVER
236,EXEGGCUTE,26,POISON_GAS
236,EXEGGCUTE,27,PSYBEAM
236,EXEGGCUTE,35,GIGA_DRAIN
236,EXEGGCUTE,37,HIDDEN_POWER
236,EXEGGCUTE,43,SOLARBEAM
236,EXEGGCUTE,45,EXTRASENSORY
236,EXEGGCUTE,47,PSYCHIC_M
237,EXEGGUTOR,1,DRAGON_PULSE
237,EXEGGUTOR,1,GIGA_DRAIN
237,EXEGGUTOR,1,PSYBEAM
237,EXEGGUTOR,1,SEED_BOMB
238,SUICUNE,1,HAIL
238,SUICUNE,1,PSYCHIC_M
238,SUICUNE,1,CALM_MIND
238,SUICUNE,1,BLIZZARD
239,APPLIN,1,ASTONISH
239,APPLIN,1,DEFENSE_CURL
240,FLAPPLE,1,ASTONISH
240,FLAPPLE,1,GROWTH
240,FLAPPLE,1,TWISTER
240,FLAPPLE,1,WING_ATTACK
240,FLAPPLE,4,ACID
240,FLAPPLE,8,AERIAL_ACE
240,FLAPPLE,12,LEECH_SEED
240,FLAPPLE,16,PROTECT
240,FLAPPLE,20,DRAGONBREATH
240,FLAPPLE,24,DRAGON_DANCE
240,FLAPPLE,28,DRAGON_PULSE
240,FLAPPLE,36,BARRIER
240,FLAPPLE,40,FLY
240,FLAPPLE,44,OUTRAGE
241,APPLETUN,1,ASTONISH
241,APPLETUN,1,GROWTH
241,APPLETUN,1,HEADBUTT
241,APPLETUN,1,STUN_SPORE
241,APPLETUN,4,CURSE
241,APPLETUN,8,STOMP
241,APPLETUN,12,LEECH_SEED
241,APPLETUN,16,PROTECT
241,APPLETUN,20,SEED_BOMB
241,APPLETUN,24,RECOVER
241,APPLETUN,28,ENERGY_BALL
241,APPLETUN,32,BODY_SLAM
241,APPLETUN,36,BARRIER
241,APPLETUN,40,DRAGON_PULSE
242,LARVITAR,1,BITE
242,LARVITAR,1,LEER
242,LARVITAR,1,TACKLE
242,LARVITAR,3,ROCK_THROW
242,LARVITAR,8,SANDSTORM
242,LARVITAR,12,SCREECH
242,LARVITAR,19,ROCK_SLIDE
242,LARVITAR,27,SCARY_FACE
242,LARVITAR,28,THRASH
242,LARVITAR,30,DARK_PULSE
242,LARVITAR,32,PURSUIT
242,LARVITAR,40,CRUNCH
242,LARVITAR,45,EARTHQUAKE
242,LARVITAR,47,STONE_EDGE
242,LARVITAR,54,HYPER_BEAM
243,PUPITAR,1,SANDSTORM
243,PUPITAR,1,ROCK_SLIDE
243,PUPITAR,1,SCARY_FACE
243,PUPITAR,1,THRASH
243,PUPITAR,31,DARK_PULSE
243,PUPITAR,34,PURSUIT
243,PUPITAR,44,CRUNCH
243,PUPITAR,52,EARTHQUAKE
243,PUPITAR,55,STONE_EDGE
243,PUPITAR,64,HYPER_BEAM
244,TYRANITAR,1,ROCK_SLIDE
244,TYRANITAR,1,THRASH
244,TYRANITAR,1,CRUNCH
244,TYRANITAR,1,EARTHQUAKE
244,TYRANITAR,57,STONE_EDGE
244,TYRANITAR,72,HYPER_BEAM
244,TYRANITAR,78,GIGA_IMPACT
245,ZACIAN,1,SWORDS_DANCE
245,ZACIAN,1,IRON_HEAD
245,ZACIAN,1,MOONBLAST
245,ZACIAN,1,GIGA_IMPACT
246,BUZZWOLE,1,DEFENSE_CURL
247,POPPY,1,BULLDOZE
248,DAISY,1,NASTY_PLOT
249,BOOMER,1,SHADOW_BALL
250,KIRBY,1,BODY_SLAM
251,M_BLOCK,1,AEROBLAST
252,BAD_EGG,1,MINIMIZE
253,FURIOUSB,1,DRAGON_PULSE
